user_id,n_trials_seen,n_trials_with_word,mean_n_words,mean_n_desc,mean_rt,task_completion,total_unique_words,mean_word_rarity,dat_before_glove
007481c0-fbab-43a3-966e-aad029f2ff60,30,23,2.1333333333333333,0.06666666666666667,7175.0,0.7666666666666667,49,6.558704337601955,73.10784459114075
009c0d0e-20c0-4339-90f2-0bdf1fb761c6,30,29,0.9666666666666667,0.23333333333333334,,0.9666666666666667,7,5.328565614970742,86.91338300704956
00f43e62-9da1-4f4c-b6e0-034afa22ce3e,30,30,1.3333333333333333,0.8666666666666667,5806.0,1.0,20,6.0614505814857855,78.60034108161926
014f39ee-300f-483e-bba7-1a85e1c3be9c,21,17,1.4285714285714286,0.2857142857142857,7746.0,0.5666666666666667,25,6.9292472597128105,82.6549232006073
01678153-352f-4750-9366-9a593617e861,13,2,0.15384615384615385,0.0,,0.06666666666666667,2,4.622799910965262,85.49070954322815
01965ade-fabe-430d-adba-2aa1d892d62d,20,19,1.0,0.3,,0.6333333333333333,16,7.834320647959026,81.44945502281189
02171455-0fe8-477b-a6cf-602c79505bcf,30,30,1.0,0.2,,1.0,30,8.7768219057947,75.83136558532715
027a1d71-981c-4fa0-8f01-999884b19b47,22,0,0.0,0.0,6813.333333333333,0.0,0,,84.0425193309784
048bec0e-82e3-4da6-a28c-a1c709611c58,30,30,5.0,0.0,,1.0,123,7.559926785523763,79.13563847541809
04bc5473-f93b-4f6d-ac21-71d57a5ae025,17,17,1.1176470588235294,0.7058823529411765,,0.5666666666666667,18,6.841722327809674,81.62394165992737
04cff3d7-f76e-42bc-9960-042cdb2e8a46,14,6,0.42857142857142855,0.35714285714285715,,0.2,6,5.560014088341831,75.51589608192444
04ebbf50-40a2-4506-99d8-e83af09a6582,22,0,0.0,0.0,,0.0,0,,90.20708799362183
0641f3e5-f882-49aa-bf15-98128988a8e1,30,30,4.133333333333334,0.7666666666666667,,1.0,102,7.961928469712364,80.78330159187317
06725c21-4f0d-4395-b570-5e564eaa20d9,30,27,1.6333333333333333,0.9333333333333333,6433.95652173913,0.9,29,6.388988473837389,86.40356659889221
071b2d14-ae65-4ad8-8422-7b9e677d1761,29,14,0.4827586206896552,0.27586206896551724,,0.4666666666666667,12,5.950072648852583,83.95003080368042
087ede47-7744-4eed-b710-766bed93ab22,19,17,0.8947368421052632,0.2631578947368421,4178.428571428572,0.5666666666666667,16,6.375369921763971,87.06727623939514
09068ba7-5ff4-40e9-a5d9-4a596a0e8e50,30,26,1.3333333333333333,0.1,4757.65,0.8666666666666667,36,6.431871767030134,76.73537731170654
09303437-bb90-46c0-a993-c7f693dd12bb,30,9,0.3,0.3,100.0,0.3,7,4.767882490661664,81.92343711853027
093aaced-ecd7-414a-863a-3174ea440d67,30,28,0.9333333333333333,0.03333333333333333,,0.9333333333333333,23,6.265830972672583,84.41852331161499
0992b8c5-5804-4472-8263-f4c90a16cb9e,30,30,1.0666666666666667,0.8,6729.058823529412,1.0,23,6.762827111651646,81.04127049446106
0a82be44-8a85-43c4-b2a7-5599d794e50f,30,22,1.0,0.8333333333333334,,0.7333333333333333,29,7.007293233053111,81.77638053894043
0b1325b0-6446-4e35-9235-3f5d8ecfcbd2,30,30,1.0,0.7333333333333333,7090.0,1.0,29,7.267962494305588,80.95514178276062
0b569a7d-7df7-4042-a40d-d2d51f0884a4,30,6,0.2,0.5,6665.5,0.2,6,6.392259580789684,83.53352546691895
0b77ff9d-fb19-4227-84fa-d2dbeba6e340,22,17,1.3636363636363635,0.3181818181818182,,0.5666666666666667,29,7.949469121326014,88.50182890892029
0bd979b0-1ab5-41e5-b665-94c7a9740a24,30,16,0.6,0.3333333333333333,,0.5333333333333333,12,6.126401606879358,81.34366869926453
0d36f759-f403-4e06-ae16-15ca65fe40dd,30,25,1.1333333333333333,0.6666666666666666,5764.0,0.8333333333333334,33,7.751850111751825,82.0710837841034
0d533a9a-2f0e-442c-bddd-15a7437a8d22,30,29,0.9666666666666667,0.36666666666666664,,0.9666666666666667,13,6.094500206117221,78.1766414642334
0ebbfbe4-f576-47bf-8fe3-3265bcf7caf4,30,29,1.6333333333333333,0.16666666666666666,,0.9666666666666667,48,8.187294099106191,78.79260182380676
0faa0d49-2ab4-4460-ac15-def114b0d682,30,29,2.066666666666667,0.26666666666666666,,0.9666666666666667,34,6.014725313504287,81.75795674324036
107a8885-7d6f-401b-b6fe-9d00ae39cc80,30,26,2.033333333333333,0.5666666666666667,,0.8666666666666667,48,7.786285704739631,74.4530200958252
10e36810-ea9a-43f9-967a-a2caf3ec6d89,26,21,1.0,0.7307692307692307,5384.0,0.7,22,7.019272326880673,87.52471208572388
116f8ad4-09b1-46ed-ae04-2f92388a68c0,30,20,0.9,0.06666666666666667,,0.6666666666666666,25,6.648669773859715,82.72507190704346
120fccac-a0a3-41e2-8595-74a10eed07e8,30,30,1.0,0.0,,1.0,30,8.568387401367975,76.49005055427551
12119ee9-a892-4773-8d11-72fc7b49e611,30,23,1.2,0.3333333333333333,,0.7666666666666667,35,6.677970733377633,85.81383228302002
12993bdb-3b47-4b06-8c46-b4b2b0989f32,25,11,0.56,0.0,,0.36666666666666664,9,5.570969910118331,85.1081132888794
1424fbbb-3ba4-4470-8575-ca02c0985deb,30,30,4.1,0.8666666666666667,,1.0,92,7.11476443334137,82.13382959365845
14bda0a9-64ad-4db3-b507-ad43170f645b,15,3,0.6666666666666666,0.0,,0.1,9,5.918644269394164,86.66289448738098
15104cb9-4936-412e-af16-db35a736fe14,30,30,1.9666666666666666,0.26666666666666666,,1.0,49,6.823871111510362,78.73907685279846
15f57e22-b9f3-4f71-977b-ae6d997cb183,30,30,3.5,0.03333333333333333,,1.0,79,7.069449959678481,79.54387664794922
160b38ba-0317-4eae-82ad-3eb4497d5bd8,23,23,3.608695652173913,0.8695652173913043,,0.7666666666666667,67,7.047135734115443,88.1693184375763
160fc14a-c8ff-4512-a12f-f0aabce8138d,30,13,0.5333333333333333,0.06666666666666667,,0.43333333333333335,13,5.433830110425579,82.00993537902832
164d9783-b5c9-461b-b085-7e13aabcfdf6,20,0,0.0,2.25,,0.0,0,,81.80480003356934
177624e0-305b-43ee-8be4-854bbb08a532,30,30,3.1333333333333333,0.7666666666666667,,1.0,66,6.640399655716357,84.33390259742737
179628ce-4350-427f-b6cc-574d1e6d67c6,16,11,0.875,0.25,173.0,0.36666666666666664,14,7.811492905791471,88.11785578727722
184c18d4-91cc-4527-87d5-11709132876b,30,30,2.1,2.1,5333.0,1.0,61,9.132657393037613,80.35033941268921
18e93ed5-f78e-4e69-ae7e-a60a9fad5f4c,24,23,1.7916666666666667,0.9583333333333334,,0.7666666666666667,25,5.887087812632762,81.98496699333191
18ea2cb3-e2b8-4ae5-b4d0-be4104421604,24,22,2.5416666666666665,0.7083333333333334,,0.7333333333333333,53,7.465057444816296,76.99027061462402
18f243ae-6413-4899-a234-a8c77a113718,16,14,1.125,0.375,7298.666666666667,0.4666666666666667,18,7.03846168877167,83.74963402748108
192c9731-1f6c-4e2a-b84f-2b9be0e937b0,16,16,2.9375,2.9375,,0.5333333333333333,33,6.1227285201964845,87.88294196128845
19a9e4ad-dae4-45f7-b204-1ef7bd4c1c87,30,30,5.0,0.13333333333333333,7260.0,1.0,147,8.605013934385548,80.61395287513733
1a54b20b-b674-496f-8a93-e21087c72b15,30,29,1.1,0.8666666666666667,5957.695652173913,0.9666666666666667,30,6.338000961297649,87.11027503013611
1c81ee7b-fabf-4699-bcfa-c2b717c74e1f,18,17,1.3888888888888888,0.5,4082.75,0.5666666666666667,22,6.681130082803349,76.96231007575989
1cc31c2b-c3ce-4499-b9ad-060152991cdd,19,14,0.7894736842105263,0.631578947368421,5548.8,0.4666666666666667,14,6.037800675816164,80.84809184074402
1ced6542-7b3d-4737-a644-f8a57e3af872,20,20,5.0,0.05,6232.0,0.6666666666666666,77,8.022000668858693,84.7326397895813
1d4c273f-112a-4183-a521-5ff388fdd7a5,17,17,1.0,0.4117647058823529,,0.5666666666666667,11,5.5279718398164315,78.63267064094543
1d90ff54-7cb1-4a8e-875f-2754f848788f,15,14,1.5333333333333334,0.6,4969.083333333333,0.4666666666666667,22,6.897710375161102,79.70719337463379
1ea96648-fee1-42e4-aa27-a20e7944ce69,30,20,0.7666666666666667,0.5666666666666667,,0.6666666666666666,20,7.389394249196272,83.905428647995
1ebd1801-8ecd-4fba-aeee-e094e560ecbb,30,12,0.43333333333333335,0.3333333333333333,6247.25,0.4,10,5.809371050431945,82.86247253417969
1ebfb88f-b88c-411b-a700-b0b6879d9c1e,30,30,3.3666666666666667,0.7666666666666667,,1.0,72,7.581479929221857,75.37962794303894
1ed9a23a-dbe0-48b7-b550-19e7151ea1fb,30,13,0.4666666666666667,0.36666666666666664,,0.43333333333333335,14,6.699852673128182,89.59650993347168
1f85090c-26d4-4df8-9bc4-02b8001c69f3,30,28,1.7,0.9,,0.9333333333333333,48,7.1113010534272085,88.44521641731262
1fb20fdd-5d55-49e3-ac4a-ae4f2be20d2e,30,30,1.4333333333333333,1.0,,1.0,31,6.612664533918271,82.69556164741516
1fe3b4e3-e38b-42d2-b7a3-802830637736,30,19,0.7666666666666667,0.36666666666666664,5674.444444444444,0.6333333333333333,22,6.713050436604098,83.82519483566284
1fec59de-3f23-48b5-b378-423549829568,18,18,1.0,0.05555555555555555,,0.6,17,6.423976601763493,78.6112368106842
207c0d59-e1a5-41d6-a60f-df0ae7070acd,30,28,1.4333333333333333,0.36666666666666664,6030.222222222223,0.9333333333333333,32,6.462932463003531,81.44143223762512
209073a3-c7bf-4f6a-a48a-718fb7b68cd9,30,30,2.1333333333333333,0.6,6468.0,1.0,63,8.171729100248145,84.60789918899536
20b71d34-1c1d-4369-8928-8e6cd256ee65,29,28,3.0344827586206895,0.13793103448275862,,0.9333333333333333,82,7.35835492215016,82.5524628162384
20b9f11f-6cde-40db-b25f-31569c7d3fb2,26,25,1.6538461538461537,1.2307692307692308,,0.8333333333333334,35,6.057201201545973,81.10856413841248
20c6cd17-5844-490f-be43-faa927dcabd2,30,9,0.3,0.1,5461.0,0.3,8,5.953832925892242,82.20403790473938
214db6e4-7376-4b02-b526-4ee70be6ae52,13,13,2.3846153846153846,0.23076923076923078,,0.43333333333333335,28,7.0334681362076115,85.2658748626709
2193a71d-de6d-47bf-8533-014ccbd2f5c6,24,22,1.375,1.125,4753.722222222223,0.7333333333333333,31,7.400061603348531,79.91549372673035
21bf97e2-7ab4-45f2-9d8b-7c787fff3448,30,29,1.8666666666666667,1.6666666666666667,5439.826086956522,0.9666666666666667,41,6.678319226125232,83.80441069602966
2226b9d0-3526-45c9-b102-74365b7546ab,30,30,3.466666666666667,0.2,,1.0,93,7.4263492563497,79.66769337654114
22e18a7c-1609-417c-8933-0c62dea9d9b1,30,30,3.1666666666666665,0.8666666666666667,6056.75,1.0,66,6.6639140177782945,82.77433514595032
23aaf67b-7eea-4979-ac9c-dfcacfb6a058,30,30,1.9666666666666666,1.3,,1.0,53,7.439704582995374,83.79800915718079
23d7480e-a488-4b94-a10a-69adfa022a18,12,10,1.6666666666666667,0.16666666666666666,,0.3333333333333333,15,5.89361231505656,78.86402606964111
241357f4-905a-4128-8bf0-38521834992f,30,18,0.6333333333333333,0.2,4012.0,0.6,15,5.63812768083241,81.0160756111145
24307a75-4128-44d7-85db-22e63b31c34c,16,16,5.0,0.625,,0.5333333333333333,45,7.355952683467076,82.03705549240112
2466a256-0a98-4770-9af1-678e1c9a6df0,20,20,1.35,0.25,6545.1,0.6666666666666666,26,7.398065202425291,81.07314109802246
2492a837-bf8a-49e5-aeee-13b07621bebe,30,29,1.0,0.6333333333333333,,0.9666666666666667,15,7.57582249133977,80.4530918598175
24b57a16-58a8-4c47-adc1-411e8e35379e,15,15,1.2666666666666666,0.8,3811.0,0.5,19,7.139123873714953,84.57239866256714
24d29274-9dc6-4b00-90f3-5f781df1249e,30,30,1.7666666666666666,0.23333333333333334,,1.0,52,7.975479239301395,83.26674699783325
24e9b608-248c-41f0-a2cd-db1888e63f2a,26,26,1.1538461538461537,1.1538461538461537,6136.0,0.8666666666666667,29,7.0904087515761285,82.90635347366333
25453b8d-87dc-4ada-8231-3fca2ffd3114,30,13,0.5,0.16666666666666666,5727.25,0.43333333333333335,15,6.323441638899877,86.88822388648987
25498aa4-2ecb-4fae-9ae7-1748d6abad6e,29,25,1.2758620689655173,0.2413793103448276,5413.357142857143,0.8333333333333334,33,7.051680875030392,79.93334531784058
254e92d3-6124-402c-a8d5-5bc91d70eeb1,30,30,1.2333333333333334,0.3333333333333333,,1.0,30,6.398690814403,84.60947871208191
25cdb6d5-9315-41bd-91e7-14d46c4102e7,15,13,1.2666666666666666,0.06666666666666667,7001.0,0.43333333333333335,18,6.7929982047766835,83.98966193199158
271732ba-8741-4fc9-bcce-76e826e2cfea,30,28,1.2666666666666666,1.0333333333333334,,0.9333333333333333,38,7.69467729570911,86.73664331436157
273e6c55-fece-43ca-b945-2d2d538a100d,30,30,1.8333333333333333,0.0,,1.0,54,7.488908905412618,83.79638195037842
278e529c-5293-4e98-85f4-80ae9f53a8f5,26,18,0.8076923076923077,0.4230769230769231,,0.6,18,6.252833163637901,88.25170397758484
27b87b8e-cd71-45ba-ae55-292d831a98ac,26,26,2.9615384615384617,0.6538461538461539,,0.8666666666666667,57,6.681569930285516,86.6162896156311
27f8b5fc-c808-412b-af2a-da5ae9a08ca6,30,29,2.7,0.2,,0.9666666666666667,70,7.565400842962413,83.31694006919861
284d87e0-5f28-4c53-bd40-47b35c6238a7,29,16,0.5517241379310345,0.4482758620689655,,0.5333333333333333,14,6.21322431147487,81.28848075866699
28bc948f-58e5-46f4-add4-f9f8abf51fd0,30,30,1.8333333333333333,1.0333333333333334,,1.0,34,6.06748786001267,80.58735132217407
28e363a1-974f-485f-bf5a-8a34e0836e70,30,30,1.0333333333333334,0.4666666666666667,,1.0,23,6.158814145971394,83.11928510665894
28fd8fe6-7261-4941-b55a-e3bda164a174,30,13,0.43333333333333335,0.1,3848.0,0.43333333333333335,12,7.2569877669031255,72.71267771720886
291f7e78-f1b5-400c-8cf2-409e2be326ad,30,29,2.7666666666666666,1.2666666666666666,,0.9666666666666667,61,6.854072184289012,73.81997108459473
297e893e-9eda-4b1e-a429-3b3d666c1a2b,30,17,0.5666666666666667,0.3,6487.5,0.5666666666666667,16,7.039792886497148,83.83345007896423
2c5fddab-7b4b-4618-bbf3-39203617c09e,30,30,1.0,0.36666666666666664,,1.0,18,5.6305357963632785,82.7660083770752
2ca40133-a977-4e20-a9fa-391835e7f6dc,25,20,1.48,0.08,,0.6666666666666666,29,6.412903069810542,82.52854943275452
2cd64601-57a4-463d-b77e-dab65807ca0e,30,28,1.5666666666666667,0.0,,0.9333333333333333,44,6.563311927598215,85.26625037193298
2ce66213-f402-4d3b-b2da-b2fc2489f237,30,30,5.0,0.36666666666666664,,1.0,145,8.574789476032489,84.24544334411621
2d930e16-124f-4319-a38c-af29c24838fc,30,29,1.8,0.13333333333333333,5024.166666666667,0.9666666666666667,39,7.8221478860937115,77.64242887496948
2e779362-b0a2-4b04-bba4-ddaf60891b29,18,16,2.1666666666666665,0.1111111111111111,2503.0,0.5333333333333333,35,6.959266353921902,82.81886577606201
2ed2f192-d5cc-4c22-8a4e-7a5366b1f785,30,29,1.4,0.2,7745.25,0.9666666666666667,39,7.021263868702383,83.87971520423889
2f01cd9e-7334-4eaf-ab95-be7cfafbbec5,30,30,2.0,1.6,,1.0,49,7.090517318109069,79.62378263473511
2f6970a0-9339-48de-8deb-5b64f43603a7,30,30,1.9666666666666666,0.0,,1.0,51,6.58129264362816,76.16026997566223
2f901f69-4258-418d-aa8c-2750ec2ee6d6,30,30,1.0,0.5666666666666667,,1.0,20,6.460842512306053,83.887380361557
30b072ce-09ca-4eec-81e6-2ce653486f71,20,16,1.1,0.6,7983.5,0.5333333333333333,21,6.681608616135756,80.16742467880249
31c7c192-13fe-4eb4-8010-8ebd78aba2fa,30,26,2.8666666666666667,1.9666666666666666,,0.8666666666666667,59,7.08024780620082,84.41392183303833
31f6ccbe-73fa-4477-b22e-cdfd6ce94218,16,16,1.75,0.25,6130.818181818182,0.5333333333333333,24,6.88744935368703,81.72791004180908
325294fe-20ab-495e-88a4-ed6a3d962352,30,30,1.0,0.8666666666666667,7313.0,1.0,26,7.344101794625055,78.70047688484192
327f0ec9-93bb-4ea2-8e77-d2bb543c5374,30,22,0.9333333333333333,0.6666666666666666,,0.7333333333333333,20,5.817533405703547,85.92997193336487
328a4355-cfe3-47ad-af53-a15aabd91aae,30,30,1.0666666666666667,0.8666666666666667,6570.0,1.0,30,6.662765771745068,80.28419017791748
32e4bba0-ee63-47c9-8d7e-8c77b58fde57,22,22,2.4545454545454546,2.1363636363636362,,0.7333333333333333,41,6.827912108850946,78.6373496055603
335297c5-c4b9-4288-90b3-c0112660dc91,30,30,1.3666666666666667,1.1666666666666667,4495.333333333333,1.0,28,6.74898996310735,78.3406674861908
3425cd88-5174-4637-8875-ee0abd67b1d6,30,26,1.5666666666666667,0.13333333333333333,5248.6875,0.8666666666666667,38,6.560445755932619,77.3068904876709
34e076e7-9437-4aa2-bca8-aee47a42145e,30,28,1.8,0.8666666666666667,,0.9333333333333333,40,6.168303712567632,85.70456504821777
35ab2ac6-f484-4e9e-95cf-34432c2a4a46,15,15,5.0,0.06666666666666667,2763.0,0.5,73,8.54301442816869,81.94289207458496
35aca71d-e1cf-475a-a2e3-0ddd1ff06c0e,28,28,3.392857142857143,0.42857142857142855,,0.9333333333333333,89,7.512987917716658,85.17355918884277
35fb8dd0-54bd-4eeb-bfbe-f5abe66d729c,28,1,0.17857142857142858,0.17857142857142858,,0.03333333333333333,5,7.959907611274664,78.14931273460388
36ce688a-9bc0-401f-954b-5aaf8c4eb465,26,26,1.7307692307692308,1.6153846153846154,5889.666666666667,0.8666666666666667,40,6.4474298288576914,80.71686625480652
36f5f746-9321-4517-bb23-6ca8a8a17232,30,30,1.1333333333333333,0.8,,1.0,33,6.97796875539102,85.59237122535706
37902953-c467-494f-926a-2e70d39e671f,24,21,1.375,1.0,,0.7,22,8.77486404603422,88.64418268203735
37a9da9f-4c24-4a97-ac38-bdd24ba75100,24,16,0.875,0.4583333333333333,,0.5333333333333333,20,6.383162383912986,85.9192430973053
387fefe0-e647-4269-8c62-789d72b912fd,25,2,0.36,0.36,,0.06666666666666667,9,7.66011708889375,83.29209089279175
3945e65e-936f-4c70-9cea-ace033e56e0b,30,25,1.3,0.26666666666666666,6889.6,0.8333333333333334,37,6.785811049307338,83.39020013809204
39ee9838-75fa-4e33-b6bf-1c07daa10033,30,30,1.3333333333333333,0.9,,1.0,36,7.202060981343206,82.23868012428284
3a4453f3-430d-4926-83f9-d159f5f2c02b,30,30,5.0,0.0,,1.0,148,8.414734364392338,83.3332896232605
3aaa7bb9-c74f-4928-9e53-e44109070070,19,19,1.1578947368421053,1.0526315789473684,6507.0,0.6333333333333333,19,5.780842037863288,83.90930891036987
3bb49892-97a4-41ca-88a0-9acdedb38896,30,30,2.933333333333333,0.0,,1.0,31,6.60113230352263,85.77431440353394
3bd6693a-a0ad-41ca-9688-c13205a2da0d,28,28,2.357142857142857,0.17857142857142858,,0.9333333333333333,54,6.694461686214876,81.63028955459595
3c0cc753-b072-4de7-ae3f-e9f4048ffdbd,19,16,1.4736842105263157,0.6842105263157895,5275.272727272727,0.5333333333333333,20,6.417946970865015,86.03001832962036
3c483d64-7e66-45c6-b493-ae06e0a07600,28,24,0.9642857142857143,0.8928571428571429,,0.8,26,7.317290478869953,82.07553625106812
3ca5f49a-9c37-4010-a666-cf10f2fe2bb7,30,30,2.566666666666667,1.7666666666666666,4673.454545454545,1.0,65,6.961837788142973,83.30239653587341
3d89e6e6-0b5a-46a9-8949-c6ee18e8cdaf,30,6,0.2,0.2,6860.2,0.2,6,5.309810033745843,82.48414397239685
3e5f6a07-68d3-4fdf-a0f6-e84d06e52da4,27,27,1.5925925925925926,0.8888888888888888,,0.9,33,6.874861703337207,80.87968230247498
3e601fc9-d8b9-4574-98f7-6dd9a63961ad,13,13,1.4615384615384615,0.8461538461538461,7268.8,0.43333333333333335,19,7.678567186882359,86.45510673522949
3ec2460c-fa8b-4b23-9761-24013a00d704,30,26,2.033333333333333,0.36666666666666664,6731.25,0.8666666666666667,46,7.446022932608549,86.88539862632751
3f58fa70-059f-4fe2-9bab-63552e87fbf6,30,30,2.9,0.0,,1.0,78,7.023596029086682,84.45372581481934
3fb9456d-89a3-4dd5-8b32-6125293b3b4e,30,30,1.2333333333333334,0.43333333333333335,6184.25,1.0,28,6.3383049715374025,81.90593719482422
3fbd26d8-38f1-41cf-a328-d8c63cf5582b,30,28,3.7333333333333334,0.16666666666666666,6738.5,0.9333333333333333,94,7.261085133423044,83.04150700569153
4003bd35-97bd-4d1b-8a70-66790e6211b0,30,7,0.23333333333333334,0.1,,0.23333333333333334,7,6.15887154825008,85.45348048210144
40c3ac80-9e3a-4a32-a226-694258f4fff5,30,30,1.0333333333333334,1.0333333333333334,,1.0,25,6.712674426089091,81.68925046920776
41d403e9-68a1-4ec7-9e48-145e74ee5efc,30,30,3.1666666666666665,0.2,,1.0,54,6.1990164229437585,83.04885029792786
4232f7a3-388c-4d0f-8b8e-8f7a9a80edd4,30,2,0.1,0.0,,0.06666666666666667,3,5.7468615358557456,85.13897657394409
42ce8c82-2f48-4f6c-a135-e391813359d2,30,30,1.0,1.0,,1.0,25,7.4207977642496825,85.60957312583923
43a39b74-2154-441a-bc9e-6e88e9e03cbe,30,30,3.3666666666666667,0.06666666666666667,,1.0,94,7.647088965520677,77.1632969379425
45319447-a0f4-4579-889a-1076b5188784,30,30,1.9666666666666666,0.8,,1.0,55,7.2203602460575205,81.48598670959473
458e1657-01a0-4463-90ac-7e0be824b454,18,18,1.0,1.0,,0.6,2,5.281346509636764,81.922847032547
45a5ab69-9ba7-4277-a5c7-0b16cd495441,30,14,0.5666666666666667,0.43333333333333335,,0.4666666666666667,15,6.061737747810167,79.3036162853241
4678b63d-cbf6-427a-ac69-217cfadadb62,30,17,0.7666666666666667,0.2,4157.0,0.5666666666666667,15,5.437931475066206,83.51160883903503
4749783e-6f73-4bb1-a3fe-a8bdf34b71f7,28,28,1.0357142857142858,0.0,,0.9333333333333333,28,7.367539678775769,85.0403904914856
481a6e7d-3317-49fb-8ca5-d42fc779e770,30,21,0.9,0.6666666666666666,,0.7,22,5.802461115777678,82.63315558433533
486f14cd-a570-43ae-bfb8-e283610b7c41,30,9,0.4666666666666667,0.0,,0.3,13,6.5932227527405605,86.73142194747925
4951dd35-64eb-4954-b210-6877765925cc,18,18,1.6111111111111112,0.9444444444444444,,0.6,25,6.307668674802453,79.92281913757324
4aa00fd1-b8b6-4d7f-8c11-d4d6e1f23e5f,30,30,1.2333333333333334,0.8666666666666667,7187.2,1.0,26,6.247824181933508,82.89921283721924
4ae62f1a-da25-41f9-aa39-ebea0888d410,30,29,1.3333333333333333,0.0,,0.9666666666666667,38,6.961052688261352,82.94984698295593
4b81e82e-6d99-41dd-8165-e2ca0aa5be1d,14,13,2.0714285714285716,1.6428571428571428,5108.7692307692305,0.43333333333333335,22,6.062523443676986,77.58882641792297
4b8cd025-67ac-48f0-97f3-ea52499474d8,23,19,1.3043478260869565,1.1304347826086956,7730.428571428572,0.6333333333333333,16,5.534853450438899,75.35859942436218
4bc2f720-7ab4-46bb-b705-1502611d46e5,30,29,1.6666666666666667,0.9333333333333333,,0.9666666666666667,46,7.648348155965511,83.15232396125793
4bee361f-d040-4590-9dd6-ed2954394833,30,29,2.9,0.06666666666666667,6959.0,0.9666666666666667,69,6.7795578325068435,76.2163519859314
4c699296-0c69-41ca-86a1-9e86e71a11b7,23,23,2.347826086956522,2.0,,0.7666666666666667,47,6.708009475851678,85.8195960521698
4cd25b03-f5fc-4088-ac42-f2063d5d8d32,30,30,2.6333333333333333,0.26666666666666666,,1.0,68,7.1749614469315,77.56307721138
4ced2b8e-e669-4675-b8aa-878fde20630a,29,29,2.0,0.06896551724137931,,0.9666666666666667,4,5.8450319747342405,73.26489686965942
4d040bb8-4460-4aa3-92c0-aa1178faadb6,30,16,1.1666666666666667,0.2,,0.5333333333333333,33,7.264440166560846,71.82231545448303
4df3bfb6-671c-402e-bc2a-62269cff43bf,20,20,1.5,0.0,,0.6666666666666666,27,7.574222045416432,90.21946787834167
4f123d9a-a551-4c77-92fa-7f11f52d1b99,30,14,0.7,0.0,6299.25,0.4666666666666667,21,7.795779215332788,83.15104246139526
4f1f6ef9-69df-47de-84ea-6be5eae7fc1d,30,21,1.0,0.8666666666666667,,0.7,26,6.745703818742866,84.26117897033691
5065e9b4-5b44-41d0-ab4e-f78401a6a642,30,25,1.0333333333333334,0.26666666666666666,,0.8333333333333334,30,6.5626882656388,86.16625666618347
50bcac9c-4a4f-421d-b165-1182975f29f9,30,23,1.2666666666666666,0.43333333333333335,5764.347826086957,0.7666666666666667,29,6.564788952588982,83.85394215583801
528bf11a-00b6-4bc6-bd95-4018272fae20,21,19,1.2857142857142858,0.19047619047619047,8160.0,0.6333333333333333,18,6.310848389376994,82.96617865562439
52d8d40b-6463-42b4-a325-8ec18181f259,28,28,2.0357142857142856,0.7857142857142857,,0.9333333333333333,38,6.278382139961609,81.71454668045044
54016aae-26d6-4b44-93d6-351c1c1e9ea3,30,30,4.0,0.0,3863.75,1.0,102,7.888348150948034,82.13374614715576
563830ea-3558-46bb-a7be-2ba8b7db83ee,19,19,2.6842105263157894,0.15789473684210525,6671.4,0.6333333333333333,35,6.4915300331957715,87.48595714569092
56439064-6cce-4df0-bbf1-0134dc803014,30,25,1.5,0.4,,0.8333333333333334,42,7.804603788894818,77.52771973609924
56ba245a-8396-414d-ba96-98b6b7e60330,30,30,2.4,2.1,4284.0,1.0,24,6.118554742765744,85.37469506263733
577cea7f-0f05-48c3-905d-035de8ef4406,29,29,1.103448275862069,0.4827586206896552,,0.9666666666666667,9,5.20266398951267,81.11090660095215
579397f0-cb99-43da-990c-ade1095970f9,30,30,2.2666666666666666,0.1,5009.321428571428,1.0,60,7.404061739764659,76.47545337677002
57d709ae-35a2-4f1a-844f-05f0f7564071,14,12,1.0714285714285714,0.42857142857142855,6731.4,0.4,15,6.623729696342717,82.70543217658997
581f6998-cfa9-45bf-bb99-ba21d1a1635f,20,12,0.8,0.65,5815.0,0.4,15,6.534733365904319,81.42620921134949
58af897a-d227-4891-b7b8-3980a28cdd0d,30,18,0.7,0.4666666666666667,,0.6,16,6.416561429926398,82.25763440132141
5903633e-0d4d-414e-8d9e-e44c7df997a4,30,27,2.033333333333333,0.3333333333333333,,0.9,53,6.664748302421024,79.44084405899048
59ac66d2-9987-4fda-99d7-c57076f801aa,30,29,4.833333333333333,0.0,,0.9666666666666667,135,8.044629962358583,80.99783658981323
5a7707bc-96d6-458a-b6b9-9298b43be225,30,26,0.8666666666666667,0.7666666666666667,,0.8666666666666667,23,7.2213713634198315,79.95428442955017
5b07a7a1-acb8-404d-bdcf-6f6410d3c184,30,30,2.8333333333333335,2.6333333333333333,,1.0,76,7.665656224672743,87.9401683807373
5b16beed-248f-43a7-beac-7dc63673e08b,21,20,1.619047619047619,1.380952380952381,,0.6666666666666666,24,5.843932646845451,78.7638783454895
5b17aca1-ccce-4ba8-a386-06e82036044b,30,19,1.0333333333333334,0.43333333333333335,,0.6333333333333333,26,6.288377393028394,77.62903571128845
5b7f788d-380b-4d24-8185-cd6b192d5eb3,30,30,3.3,0.23333333333333334,,1.0,90,8.210668878228105,76.64188146591187
5cc6d890-977e-48ee-b355-3bba937feca5,20,19,1.8,1.4,4988.105263157895,0.6333333333333333,33,7.123729942304279,82.28946924209595
5e3a2c8b-9174-48ae-9fd1-723f66305213,30,27,2.8333333333333335,0.0,,0.9,75,7.7267483948551545,84.25717353820801
5e9e6f12-8a2a-447b-8aab-67283fe42674,30,30,1.2,0.06666666666666667,,1.0,35,8.371511530715404,80.2903413772583
5f0ea3d0-8add-4e23-a891-024d0c2775d0,30,30,5.0,5.0,,1.0,70,7.780049864211306,87.59582042694092
5f2c4743-cab7-4dac-8f4a-a2fbf5a14766,30,18,0.6,0.5666666666666667,7423.5,0.6,14,5.886907278971719,75.23106336593628
5ff7e65f-f0c9-4df6-bb70-acc8e0f6d434,30,21,1.1666666666666667,0.26666666666666666,,0.7,29,6.579136281169967,80.70725798606873
61621854-e88d-4118-be9a-0b46bc179134,30,30,2.0,1.3,,1.0,43,7.4532723882281395,85.39828062057495
618c9841-3cc8-46bf-9a24-9d0b642b0919,30,27,1.5,1.0333333333333334,,0.9,40,7.1395216737784315,83.12714099884033
61a623b0-942e-445d-b6c4-39c6e6729d96,26,14,0.6153846153846154,0.46153846153846156,5808.9,0.4666666666666667,16,6.779173034689455,79.8974871635437
61b14ace-f671-486f-a32a-6fcdd910d6a9,14,14,4.357142857142857,0.0,7264.0,0.4666666666666667,57,7.319076619338078,81.13228678703308
61cb5b4e-1154-46f6-b320-f2cf62acee7d,17,17,1.8235294117647058,1.6470588235294117,,0.5666666666666667,28,6.9966415031952165,80.78235387802124
62377def-d8eb-41ac-89ec-695508dc6da6,24,20,1.0416666666666667,0.875,5301.95,0.6666666666666666,18,5.884088203490176,83.14786553382874
62e62271-f365-4361-8fd6-4d6c98971d40,30,30,5.0,0.06666666666666667,,1.0,129,7.72342630783683,79.66836094856262
630997cf-fe19-4be7-9641-9814c1b50579,27,21,0.9259259259259259,0.2962962962962963,6806.8,0.7,25,8.295793830286625,74.47205781936646
644479e6-1586-4311-a1c0-f1f68909be5e,19,19,5.0,0.0,,0.6333333333333333,81,7.83534596077611,78.04474830627441
6479f91a-5863-444f-852f-74df91af16c2,27,27,1.4444444444444444,0.5925925925925926,5700.588235294118,0.9,28,6.448869078746056,72.7493941783905
64a3b852-4d9b-4ce7-9104-c08d9c02d82a,15,14,4.4,0.0,8597.0,0.4666666666666667,64,7.951645010500044,83.07942152023315
66145da6-0117-4e54-9538-334aa8893c50,30,28,1.5666666666666667,0.16666666666666666,6823.428571428572,0.9333333333333333,33,6.8822633061083724,81.21280670166016
66461541-9c02-45ed-9d7d-fb03bf0e8c24,30,30,1.9,0.9666666666666667,,1.0,42,6.2944908515319895,85.74896454811096
670ec36a-74a6-4933-bd0e-572a3802acd2,17,17,1.3529411764705883,0.35294117647058826,,0.5666666666666667,21,6.811658691115027,81.8505048751831
676065cd-044d-4c40-96eb-4da7f886da6c,30,29,1.4333333333333333,0.5666666666666667,7520.565217391304,0.9666666666666667,41,7.538896733002521,84.33229327201843
67da54c3-09e6-4712-95cf-f997c3a71158,28,26,3.4642857142857144,0.6428571428571429,3386.0,0.8666666666666667,76,7.774469079637387,78.07069420814514
681c2d12-fae1-48d9-94e8-2c6fdd8c0e5f,30,30,1.0,0.23333333333333334,,1.0,28,7.969136582932529,84.13857817649841
68536fa4-5d72-495a-b48d-1531cf367bce,18,15,1.1111111111111112,0.7777777777777778,,0.5,19,6.109720825056309,85.00261902809143
691a76ab-c51d-4524-a64f-fb5a2e43fb94,30,30,3.3,0.16666666666666666,,1.0,95,8.479480542933048,84.02870893478394
69d57858-b901-4e62-928a-3405a17dfd63,30,4,0.16666666666666666,0.16666666666666666,,0.13333333333333333,5,5.45686939586518,81.77094459533691
6a00f882-d7b5-451a-b2bc-8c51caa51965,26,14,0.5769230769230769,0.2692307692307692,,0.4666666666666667,13,5.65043495351594,82.75555968284607
6a029802-fc2f-4599-92b2-10d39269025f,25,25,1.28,0.36,,0.8333333333333334,26,6.616983289116514,79.79048490524292
6aedd8bf-86a8-4f55-8183-cfe31ec10f11,14,9,0.7142857142857143,0.42857142857142855,6466.75,0.3,9,7.121032210482371,84.07261371612549
6b232b8f-c0f7-4d56-af14-61ca1c694b83,26,26,1.3076923076923077,1.0769230769230769,5410.0,0.8666666666666667,26,5.8785307965096445,78.40352654457092
6bc7e9cf-c8ff-46b1-b6e2-ffe4f03c8c46,15,15,1.5333333333333334,0.8666666666666667,5524.090909090909,0.5,21,7.452683560966538,84.21686887741089
6bf4875b-c76a-4263-bef6-93134848d78a,30,28,2.1,0.23333333333333334,,0.9333333333333333,60,8.494350978647306,80.1777184009552
6bf9fa3c-3e8a-4afe-9970-075a12b799df,30,28,2.9,0.3333333333333333,,0.9333333333333333,83,8.102248848988308,88.20937275886536
6d162dd4-a0ea-463e-b186-3f583933d5b0,30,30,4.366666666666666,1.9,,1.0,94,7.683182308623683,87.56296038627625
6e109e36-9734-48f9-8b9f-cdabf8f3c591,30,16,0.6333333333333333,0.3333333333333333,,0.5333333333333333,18,6.574188751921431,89.66712951660156
6e2a2e77-f252-40b0-b4be-ea17158f3f1d,30,12,0.6,0.5,,0.4,17,6.51698570996484,84.15102362632751
6e433182-be72-4281-8269-edc0e846810f,27,24,1.2962962962962963,0.4074074074074074,6227.5,0.8,31,6.381184736660155,81.9367527961731
703bef9c-e6e3-45ee-a86e-05f77226bd53,17,3,0.17647058823529413,0.11764705882352941,,0.1,3,6.064348689366324,86.91655993461609
70c4479d-d93f-44f5-9d8b-3a1c5141925d,30,10,0.4,0.16666666666666666,5443.625,0.3333333333333333,12,7.206008544783028,87.68094182014465
7144a4d3-6b6f-4474-ba66-3b28a1f8ecb0,30,30,1.0333333333333334,0.5,,1.0,25,6.2775440669550155,81.51134252548218
7181e613-aed3-4e6d-b2c5-d31fc4e55154,13,11,0.8461538461538461,0.38461538461538464,3958.0,0.36666666666666664,6,7.7396716843718485,86.52073740959167
7188efca-fb2c-48f4-bf1e-f1ed1149f503,30,22,0.8,0.23333333333333334,,0.7333333333333333,20,6.722958292441394,81.89381957054138
71fdc3af-7633-4d44-ac8a-afc546f08a3b,27,7,0.25925925925925924,0.037037037037037035,7976.333333333333,0.23333333333333334,5,5.69120784164459,83.08873176574707
71ffab3f-b6ba-437e-876a-3410075395be,30,26,0.9666666666666667,0.7666666666666667,,0.8666666666666667,23,6.601427156106197,82.94711112976074
72267907-4b35-4c70-ae78-074a3ce24d2e,30,30,5.0,2.066666666666667,,1.0,92,6.93309729136151,81.31238222122192
728f7885-216f-4fa9-af8b-84857011b3c7,30,30,5.0,4.866666666666666,,1.0,114,8.573370145064116,80.71622252464294
72a286e2-a831-4737-9759-a32e0a50aca3,30,29,1.4,1.1333333333333333,,0.9666666666666667,32,6.367549991303107,80.94492554664612
72ba06fa-500c-4be5-a10f-92069419cc42,17,11,1.1176470588235294,0.058823529411764705,7027.2,0.36666666666666664,19,7.012689563593614,86.86662316322327
72bf67cb-db0f-44f6-aa03-4b2a199a367b,28,26,1.8571428571428572,1.8571428571428572,,0.8666666666666667,42,7.138479982361119,81.03187084197998
72c086cd-20b6-4541-8f20-5034be49e82e,30,30,2.466666666666667,0.7,,1.0,40,6.673643032545847,80.31170964241028
72d7f301-6483-48f4-86a4-202a9b8b2191,30,29,2.3333333333333335,0.1,,0.9666666666666667,68,8.472898115752965,74.61147904396057
72f800a7-1918-40f0-89ac-366eca9468b5,20,8,0.4,0.0,6846.0,0.26666666666666666,8,7.118649134122231,81.02647066116333
7355c621-93c7-447e-9828-c363a57968dc,30,30,1.8,0.43333333333333335,,1.0,39,6.540749332212753,81.06491565704346
73910454-873a-405c-9249-cba490a620c6,30,30,2.6,0.1,6438.0,1.0,58,7.206963332142398,86.49274706840515
73bf93f2-fd8e-43af-8084-5d3d59747ef4,30,23,2.7666666666666666,0.06666666666666667,4017.0,0.7666666666666667,53,6.438649570598687,86.89177632331848
7409bb12-3f2f-463d-a447-6d678ee19b8c,30,30,1.5666666666666667,0.7666666666666667,3023.0,1.0,42,7.005619935979396,84.3957245349884
750d59a8-0845-4b01-b414-d3d29b2ffc39,30,11,0.36666666666666664,0.26666666666666666,,0.36666666666666664,11,6.456126992382269,84.17474627494812
7562e7ad-db5c-4fa7-a6fa-2b47d08ff3a4,30,29,3.8666666666666667,0.0,1803.0,0.9666666666666667,110,7.603995479542635,83.30323100090027
75ef6a3c-bd85-40a3-ae45-28ac3589097b,14,13,1.4285714285714286,0.8571428571428571,,0.43333333333333335,19,6.4495475398215465,80.38986921310425
769ca650-1d2d-4ab3-811b-88a94f5a0144,14,9,1.0,0.5714285714285714,,0.3,14,6.798522359433552,79.05203700065613
77fb945f-2b96-4b2d-9400-edd54e6f825c,30,30,1.0333333333333334,0.26666666666666666,5093.0,1.0,11,5.4274262738439045,83.32892060279846
782fc2e1-0fd1-4577-8015-08461a35e710,27,26,4.814814814814815,0.18518518518518517,,0.8666666666666667,120,8.135115441408857,86.26089692115784
795eb28b-391c-4be1-ace0-215d17137735,16,9,0.6875,0.3125,8877.0,0.3,10,5.773902739741947,79.4223427772522
79dbc2ba-a2b4-418b-846f-247a4c76019f,15,15,1.7333333333333334,1.2,,0.5,19,5.6432451977478095,86.36956214904785
7a3b5fed-02cf-4ca4-ad9b-b822e2516695,30,25,4.166666666666667,0.13333333333333333,4616.1578947368425,0.8333333333333334,106,7.730793518451926,77.960205078125
7a920d39-5c3a-436d-a814-689fe4d69181,30,19,0.6333333333333333,0.23333333333333334,,0.6333333333333333,15,6.163909082490866,73.58253598213196
7b3033af-3c1a-44c8-a97a-a3d2c96575ad,22,15,0.7272727272727273,0.5909090909090909,4131.0,0.5,15,6.701955896718299,80.69756627082825
7befb70b-7da3-4a6a-b6e3-17a9aecb089f,23,12,0.5217391304347826,0.43478260869565216,5317.0,0.4,11,6.46668464057976,86.6523265838623
7bfbcf21-a5ee-4f22-a443-ca07db7a527e,30,3,0.36666666666666664,0.03333333333333333,9869.0,0.1,9,6.790848114266061,82.40538239479065
7c0c8a91-a22d-479c-a63f-c0db10be448d,22,18,1.1818181818181819,0.8636363636363636,7018.4,0.6,19,6.02088722656805,86.79727911949158
7d178a32-9d51-46d0-b7ef-89c03630ad30,30,26,1.3333333333333333,1.1333333333333333,,0.8666666666666667,30,6.066970488856323,84.35202240943909
7f8a0ff9-1605-4fb1-9c3a-2ed73891a352,18,14,1.0555555555555556,0.05555555555555555,7675.0,0.4666666666666667,19,6.881565547288434,80.86171746253967
8004cbff-0c95-4254-a296-cc07955ab290,23,22,1.5217391304347827,0.8260869565217391,8200.5,0.7333333333333333,28,6.435645471886261,83.44183564186096
82563699-feae-4806-8ca3-59105b78430d,29,29,1.793103448275862,0.0,,0.9666666666666667,42,7.5327867648987015,75.90593695640564
825a3000-bd59-483b-8288-5e8153b17e64,30,23,1.1666666666666667,0.36666666666666664,7380.923076923077,0.7666666666666667,26,6.57374280525349,77.92706489562988
82a2587c-4338-4d73-88c5-4bd2f75d594c,30,30,1.6666666666666667,1.4333333333333333,8487.0,1.0,30,5.575686208684981,76.05267763137817
8370fefe-8ed3-46e9-abfc-97b58aea9573,28,25,0.9642857142857143,0.35714285714285715,,0.8333333333333334,23,6.884854485915437,82.96663165092468
83b10d70-6cb3-4e25-9706-0550cd5e5ff3,22,22,1.0454545454545454,1.0454545454545454,6470.5,0.7333333333333333,21,7.242891995012538,85.33018231391907
83f3e0b1-13cc-4adb-b37a-4bd7833c0456,17,14,1.0588235294117647,0.11764705882352941,,0.4666666666666667,10,6.021189252569262,83.89431834220886
84e9e5f9-6f44-4de7-998d-9faeb89530f8,30,21,0.8666666666666667,0.6333333333333333,,0.7,20,6.488829545790051,85.6794536113739
850724b8-c9cf-445b-8636-0795d3669c08,30,28,1.1,0.7333333333333333,,0.9333333333333333,26,6.410641229837474,87.37784624099731
85cdd22f-8e04-4079-84d5-5f60d3fa8958,30,2,0.13333333333333333,0.1,,0.06666666666666667,4,7.046276947241848,83.77623558044434
868b3c4b-1955-488d-ab1d-b3bc0252dee6,18,18,1.0,0.0,7928.0,0.6,18,8.00147121507271,83.00753235816956
86afdfd3-035f-46b2-92b2-bc98062f8808,14,10,0.9285714285714286,0.21428571428571427,,0.3333333333333333,13,7.428955939628437,90.23113250732422
86cb06c9-fd32-44d5-b4a6-779b33917326,30,30,1.1666666666666667,1.1,,1.0,33,7.5620976365438,81.29371404647827
86d12ff9-c851-486b-8e43-b66c29c7cb56,18,5,0.3333333333333333,0.3333333333333333,,0.16666666666666666,6,5.432822313464423,81.57870769500732
878ba42a-6752-4d01-9181-b7889438f9fd,30,25,1.1,0.6666666666666666,5015.88,0.8333333333333334,21,5.716784457756599,78.7339985370636
880a7145-3072-4452-8dd7-5f7c3be52223,30,30,1.0,0.26666666666666666,8786.0,1.0,12,6.813862080821927,86.14792823791504
8836806b-b19f-4073-9b0a-d14823d7d344,30,30,2.6,0.0,5867.047619047619,1.0,57,6.664723541462173,82.79116749763489
88500b05-d503-4530-b455-fdb2ebf2f38c,30,6,0.8666666666666667,0.0,,0.2,20,6.475321434152509,76.39659643173218
88532a90-832c-46ca-9947-c0950b439142,30,27,1.8333333333333333,0.26666666666666666,,0.9,51,7.3531103582059245,79.49312329292297
89cc36f8-3eea-4a12-b1fa-ef56d8455a5c,11,11,1.0,0.18181818181818182,,0.36666666666666664,9,5.313380311936604,73.12824130058289
8a31250a-c12b-485e-b0b5-e346b8267657,30,30,1.4333333333333333,0.7666666666666667,,1.0,30,6.331406363764921,77.66806483268738
8b597b99-0cd6-441d-9e23-4dec88d4f7bd,20,18,1.2,0.95,6744.0,0.6,21,6.606993361154395,78.53167653083801
8bc9d7ae-986b-4a94-9d99-15729aace188,30,12,0.7333333333333333,0.0,,0.4,20,7.318283571737278,84.82305407524109
8bce673d-4934-4b2a-ad42-a8af9368ff95,17,10,0.5882352941176471,0.17647058823529413,5476.4,0.3333333333333333,9,6.613906354039626,79.49913740158081
8bcf5d5e-77a9-423c-a14b-e2020760034a,30,30,1.4333333333333333,0.6666666666666666,,1.0,39,7.252575942682071,80.70635199546814
8bfeab6f-7db4-4403-a3f0-05e74f9e2d63,30,27,1.6666666666666667,0.36666666666666664,8304.0,0.9,43,6.799138681717473,84.32977795600891
8c53f227-6746-4b70-8944-d726aea470f8,30,28,1.7,0.0,,0.9333333333333333,39,6.314349972146096,78.6361038684845
8c6ea3de-1067-4fa8-8980-6b3ca7176578,30,28,1.3,0.4,,0.9333333333333333,34,6.705334544377152,82.07255601882935
8d1c6933-aa51-47c3-bb4e-79ef1198533f,30,15,0.9,0.9,,0.5,27,8.146711045894412,82.16725587844849
8fbd850d-2e7c-4676-bc56-b48185174716,19,17,1.3157894736842106,0.15789473684210525,,0.5666666666666667,23,6.738753795528566,84.32198762893677
904171db-49d3-4295-999c-b2babe7fb9c7,19,19,5.0,5.0,,0.6333333333333333,36,7.882789891442452,75.52266120910645
905b6a92-bc94-46b5-8d68-153b96c3a5f5,30,29,2.433333333333333,0.4666666666666667,,0.9666666666666667,65,7.272394287509456,82.96376466751099
9078eae0-0c8b-4acd-946c-337d359c9c42,30,20,0.8,0.3,,0.6666666666666666,24,7.963082012356036,79.7393798828125
90e8a66b-359f-45f1-9ef1-5cd959768b73,30,2,0.06666666666666667,0.0,4461.0,0.06666666666666667,2,4.131827559965181,83.34425687789917
90eae7cc-badd-4bc1-b326-45ec6ba96fbd,30,29,1.7333333333333334,0.06666666666666667,,0.9666666666666667,33,6.4585205727127635,84.9471390247345
92634020-5cc1-42c0-a38c-fc9c691d2bad,30,30,1.1333333333333333,0.4666666666666667,,1.0,28,6.751932638726427,80.0551176071167
93ea107b-c6f1-4ad9-a8c7-1d6d45cfb2f9,30,30,1.7333333333333334,1.7,5382.0,1.0,41,6.471796614497685,81.77851438522339
94d2a2f2-0d56-4b59-9a5d-ce56edbdfd84,30,27,1.3,0.03333333333333333,3956.730769230769,0.9,35,7.133249510256803,82.36175775527954
9661826a-0dea-4aab-8ef9-bf23ff8b2243,30,28,2.7,0.8,295.0,0.9333333333333333,32,6.189520789350612,82.00014233589172
973396cf-eb95-4a2f-ad92-87be84c406d5,15,15,2.2666666666666666,1.8,7281.0,0.5,24,6.827201000393593,82.50907063484192
974552d3-ac50-4791-8ff8-2389e22d2670,30,30,1.6333333333333333,0.3333333333333333,,1.0,23,5.541306439750683,82.41183757781982
978c4631-4338-452f-9648-2c7e3b334666,16,11,0.6875,0.4375,8920.0,0.36666666666666664,8,7.133915183926275,84.19029712677002
999e292a-2626-4791-b722-1144d52a706e,17,10,0.7058823529411765,0.35294117647058826,1917.0,0.3333333333333333,10,6.095890502333645,87.21197247505188
9a614e43-e045-4abb-9916-caf3cb1dcecb,30,21,0.8666666666666667,0.03333333333333333,,0.7,25,7.068954836306144,85.6643795967102
9ab6f6f6-7287-4985-b226-1f02cbf8abdb,30,28,1.0333333333333334,0.06666666666666667,,0.9333333333333333,26,5.859379626264007,84.62866544723511
9b4d71b5-8c07-40c2-970b-6d485f28fefe,30,30,1.9333333333333333,1.6333333333333333,,1.0,47,6.994821407896398,87.17240691184998
9c275d06-88dc-4af9-bf8c-0edeb9b3ff40,30,18,0.7,0.06666666666666667,,0.6,19,6.835569902972066,78.5143792629242
9c4d218a-0e7b-45b5-a465-9e8358505382,19,16,1.3157894736842106,1.3157894736842106,5233.833333333333,0.5333333333333333,25,7.839961533904546,79.66185212135315
9c93118b-9ac9-4e11-b191-84fe87af321b,14,13,1.1428571428571428,0.21428571428571427,5013.714285714285,0.43333333333333335,14,7.963148817541885,82.9816997051239
9ecd3065-6e0d-44c5-929b-dc68e2c3b83e,23,19,0.8260869565217391,0.6956521739130435,,0.6333333333333333,18,7.187665596996432,80.9942364692688
9f5c72d8-d50e-4087-b8a2-ff8135449bd8,30,30,2.3,0.26666666666666666,5283.958333333333,1.0,38,5.729478364692965,78.98041605949402
9f95f700-a557-42e5-ac2c-1737024c4c71,29,28,4.827586206896552,0.0,,0.9333333333333333,137,8.9964704103415,76.45002007484436
9fef54fe-5cf4-47d3-8b65-77205a5becb2,18,18,5.0,5.0,,0.6,85,8.580166700901454,84.23605561256409
a0093fd8-2a7e-4278-8e6a-1def02473df4,27,27,1.2592592592592593,1.2222222222222223,,0.9,32,8.412246243447798,80.20536303520203
a0919de4-6c51-4bce-91f8-fbdc08f4a454,30,19,0.7,0.2,,0.6333333333333333,17,5.86119144001253,83.69658589363098
a097becd-ca7a-419c-b808-756990b1d367,30,30,3.433333333333333,1.3666666666666667,,1.0,103,9.56652750844977,80.88757395744324
a169a40c-5499-4a46-bba5-b1739a381787,30,23,1.2666666666666666,0.8,,0.7666666666666667,30,6.353524031059349,81.73235058784485
a20607a1-1f3f-43ed-a894-cf3fb876e155,14,14,1.4285714285714286,1.0,,0.4666666666666667,19,6.817686014350852,80.7485282421112
a313462f-79df-429d-a1bc-028122b36176,16,15,1.75,0.3125,,0.5,26,6.486322589527491,87.76347637176514
a52241a6-e17f-4cf8-b07c-8968ade2aed3,25,4,0.2,0.04,,0.13333333333333333,5,6.179036744762179,82.52142071723938
a53f3309-4e21-4bdf-91b3-e541b34ab151,18,18,2.3333333333333335,0.16666666666666666,8833.0,0.6,14,6.177876130220579,79.1612982749939
a61bbec2-3d2e-4ed5-aab2-007473c02c6a,30,30,5.0,0.03333333333333333,,1.0,109,7.333722568809398,80.33412098884583
a6969bb1-996d-4e21-8f54-7423aa0416a2,20,15,0.75,0.6,6670.8,0.5,13,5.99727353431244,88.11420202255249
a742ee42-a8fa-4031-bf52-7e68531f485f,30,30,1.3,0.0,7460.285714285715,1.0,24,5.986069135530669,82.94438123703003
a7640398-d05f-4715-b359-c0d06096f20e,30,29,0.9666666666666667,0.3,,0.9666666666666667,22,7.100177202714167,87.37130761146545
a7b32b03-70bb-43c5-a829-da4e73dd29ab,30,21,1.1666666666666667,0.3333333333333333,4994.833333333333,0.7,26,6.4809744933507725,83.99290442466736
a913af23-31d1-4f6b-bd0f-8943dfc9eb6c,30,27,0.9333333333333333,0.26666666666666666,8785.0,0.9,20,6.638118265380901,86.94095611572266
a999e207-447b-4b61-aaa1-fd37ac35f355,30,30,1.4333333333333333,0.9666666666666667,,1.0,28,5.872977464698301,83.3097755908966
a9d470a5-c5d4-42a2-94ec-b30eb1cb13a5,22,21,1.0,0.8636363636363636,5352.2,0.7,22,7.576157655607924,83.9161217212677
aa9713b0-1744-43c3-a09f-352e6145db6f,22,3,0.2727272727272727,0.0,2283.0,0.1,6,5.600253440320576,86.3511323928833
aa979b9d-4c26-43a8-a31d-099ed65b8f5a,30,29,1.9666666666666666,0.1,,0.9666666666666667,49,6.8854213773174155,80.36618828773499
aaa793c0-0f01-4b07-88e5-e48cb1cf006e,16,16,5.0,0.6875,,0.5333333333333333,76,7.8692825200236545,82.23792314529419
aae04b64-8076-4c92-822b-7a38bb72c2ff,30,25,1.1333333333333333,0.7666666666666667,,0.8333333333333334,22,5.8806170979086865,81.48295879364014
ab7bb6b3-d47d-4095-8df3-5f49ba9bb93c,26,19,0.7307692307692307,0.5,,0.6333333333333333,19,6.560243649399788,80.94876408576965
ac6e7bda-20a9-4d02-9823-09a3ec5f87ac,26,25,1.4230769230769231,1.0769230769230769,6276.4,0.8333333333333334,28,6.24348018249187,84.86283421516418
adf8a551-e75e-42bc-8554-3569bbb06626,30,30,2.2,0.43333333333333335,,1.0,37,6.860245183758781,80.5819034576416
ae1cdf16-e32e-42bc-82f0-3d1ebeafbdb3,30,30,1.4,1.3666666666666667,,1.0,35,6.667258881460333,88.4134590625763
ae7d6950-f984-4fa6-872a-ffc42bb64111,30,30,4.466666666666667,0.5333333333333333,3564.5,1.0,121,8.715872413790658,78.62517833709717
afe55948-cb93-45d5-b020-637c3aefb231,30,26,2.2,0.06666666666666667,2073.0,0.8666666666666667,50,6.703381594949278,81.74155950546265
b0d99316-7704-41ca-a9de-37527d8fae6d,20,11,0.6,0.6,,0.36666666666666664,10,6.302667197460342,81.47168159484863
b0e979a4-bb34-41cf-a19f-b4953b1ed6b4,30,26,1.4666666666666666,1.0,,0.8666666666666667,32,6.838808891124321,82.55842328071594
b1e64126-09fc-4597-a7c3-f53f734de663,30,29,1.3,0.9666666666666667,4068.7916666666665,0.9666666666666667,33,6.97239448809737,90.59661030769348
b1f723d9-aeb5-442e-b92e-0be1ad2bd092,14,14,1.5714285714285714,0.8571428571428571,,0.4666666666666667,20,6.326382205408229,86.22469902038574
b2211873-eadc-4420-90a6-05352924e2a1,30,27,1.4,0.06666666666666667,,0.9,36,6.48477096269504,80.82392811775208
b311b94e-229b-465d-8968-918f3ea8d050,26,26,2.576923076923077,0.8461538461538461,223.0,0.8666666666666667,44,6.33655787566516,80.93361854553223
b334e74e-a205-4fdb-9272-c66e69119ed6,30,30,3.6333333333333333,3.466666666666667,3890.733333333333,1.0,75,7.665714285765083,83.04800391197205
b33859a2-7859-4013-94b7-ff9524652c06,30,18,1.3,1.0333333333333334,,0.6,38,7.646693942299007,85.41441559791565
b36ea873-c30b-4633-8d41-fe27f5ea3448,30,30,3.966666666666667,0.0,,1.0,87,7.280906799836807,85.02297401428223
b3daaef7-efc7-4486-b397-7db6f51279ec,26,23,1.1923076923076923,0.7307692307692307,,0.7666666666666667,26,7.093182978410993,75.94396471977234
b468b47b-b1ea-440c-b749-61a0298877e9,30,29,2.2333333333333334,1.0666666666666667,,0.9666666666666667,37,5.99279515641145,76.2478232383728
b486f64a-04dd-4360-a1ec-854eb380e302,30,29,1.0666666666666667,0.9,,0.9666666666666667,17,7.1678291587374545,81.0086190700531
b4ae65eb-7689-49be-92a9-55fe412f7aca,15,15,1.0,0.4,982.5,0.5,14,7.59700591101701,80.07839918136597
b4cd9fbd-86d5-47f9-bffd-27f0a9c672ab,11,10,4.181818181818182,0.09090909090909091,4043.0,0.3333333333333333,46,7.9900831974910265,89.8244321346283
b5285c5c-1279-490d-86dc-6f65f9276289,28,17,0.75,0.21428571428571427,6198.0,0.5666666666666667,18,6.1519461133028,83.96115303039551
b5850a61-6140-42c4-b662-6a1a226a107f,22,19,0.9545454545454546,0.22727272727272727,,0.6333333333333333,21,7.096377703736853,73.31782579421997
b596cf4a-07e5-494d-af96-06b857a15a27,30,21,2.9,0.16666666666666666,,0.7,80,7.441734025696213,77.29541063308716
b5d4fe32-3db2-4462-8ca5-0d52550ee09d,30,24,0.8,0.3,,0.8,24,7.257476025622304,79.8079252243042
b6cdcc9f-acec-4b55-a182-b9269aece6bd,30,26,1.2333333333333334,0.43333333333333335,,0.8666666666666667,34,7.269222603569902,80.06524443626404
b6dc76ab-3e7b-4899-96fb-03663ebfe350,30,20,0.8333333333333334,0.6333333333333333,6284.0,0.6666666666666666,21,7.007074997871133,87.24398016929626
b714c5a1-9c57-4142-9370-9f8afba14d43,30,19,0.7,0.16666666666666666,7219.333333333333,0.6333333333333333,18,5.871292717671841,84.54568982124329
b71c760e-a0af-40e1-ab6f-f47c91f8c397,30,30,1.0,0.2,,1.0,29,8.190374324704727,87.27935552597046
b7efca14-351f-46cd-acd7-4ae5508994c5,30,19,0.8333333333333334,0.2,,0.6333333333333333,21,6.164991635818107,82.48190879821777
b82c72d5-2a1d-488d-883d-f8cbd7b1fc5c,30,5,0.16666666666666666,0.16666666666666666,5239.6,0.16666666666666666,5,6.170088480065948,83.21992754936218
b86d5364-6ae3-4284-8b27-9d1be596ac68,27,23,1.4074074074074074,0.2222222222222222,4967.0,0.7666666666666667,23,6.549471583723734,81.68522715568542
b89ffc78-83f9-4efa-b102-a24ba628aee0,21,18,1.4285714285714286,0.47619047619047616,6360.0,0.6,26,7.34946812177011,84.83416438102722
bac321e1-2e12-4cb4-80d8-e2b940805033,30,30,5.0,0.0,,1.0,145,8.541838253594067,85.80825328826904
bbb0e3b7-5a3c-4dd3-88c7-a7d12670851b,30,21,1.7666666666666666,0.6666666666666666,,0.7,51,7.616195846850118,75.60903429985046
bd4c365e-5b70-47d7-b098-d31935f951e3,30,26,1.3333333333333333,0.4666666666666667,,0.8666666666666667,32,6.961777110018733,84.75966453552246
bdb3b663-5302-4000-ba1f-98965b33269d,24,17,1.0,0.375,7170.0,0.5666666666666667,20,6.134878613583757,82.1706771850586
bdccfb30-c112-4707-99cd-cc984b650a4a,30,22,0.7666666666666667,0.7,6164.466666666666,0.7333333333333333,21,6.820078406010628,88.58323693275452
be60315d-6b47-48bb-a87c-36d4b680b858,19,16,1.4736842105263157,0.8421052631578947,7812.0,0.5333333333333333,21,5.999259885540603,80.9309720993042
bfb53e95-7d14-4eb6-9214-340ed55d5db8,30,26,1.8666666666666667,0.6,,0.8666666666666667,44,7.306668766990529,81.98533654212952
bfb8708a-3406-4a42-a266-085fbd14b579,30,27,1.5,0.8,,0.9,37,6.42079306118355,75.87238550186157
bff93eaa-0e44-4a31-97d3-40f8d2aa49d5,17,16,1.3529411764705883,0.0,,0.5333333333333333,21,7.726898374295009,74.92240071296692
c0c40975-5418-4f09-8b25-02f383350683,30,30,1.3,0.8333333333333334,,1.0,37,7.685616251273723,82.1086585521698
c13d6f93-7319-46bf-8613-9e9a2a810efb,30,26,1.8,0.06666666666666667,5364.5,0.8666666666666667,50,8.056249497617642,82.91641473770142
c29c47b5-2ea9-4835-ad78-1305a35f6961,30,30,1.8333333333333333,0.8333333333333334,6053.75,1.0,46,6.730156092427466,89.01404142379761
c2ab72a1-bda4-4efa-9fbb-5d939d3d81fc,30,28,2.5,0.06666666666666667,6608.666666666667,0.9333333333333333,71,7.32028489795459,86.3904595375061
c2b98106-f4cb-49be-a33a-01b9d74e87e6,30,30,5.0,0.26666666666666666,,1.0,132,8.123817243909231,77.65066027641296
c2bffcd0-40a8-4a52-8fb6-6f1f15bc4188,30,30,1.9666666666666666,1.1333333333333333,,1.0,45,6.980735515106274,83.46507549285889
c2eee908-0a66-43dc-9502-a2507e495997,16,11,0.6875,0.0625,6638.375,0.36666666666666664,11,6.1132010460628585,80.30503392219543
c324a18d-49e5-41ef-a28c-8a8dfc25dcbe,23,22,1.0,0.9130434782608695,8862.0,0.7333333333333333,10,4.93238670420343,86.37824058532715
c34d7e76-63ac-4d83-b412-7d4d249d2263,30,30,1.0,0.0,,1.0,22,5.809882202971324,87.24325299263
c3e623f2-e9c8-41d0-b088-990ee2b9119e,30,28,3.033333333333333,0.9666666666666667,,0.9333333333333333,90,7.790929378033946,81.1178207397461
c41937e1-388d-4777-9cd3-a91bcf935308,28,23,1.0714285714285714,0.7142857142857143,5685.333333333333,0.7666666666666667,15,5.548253112768219,86.6428017616272
c4598ee2-5f01-4731-854f-6898f67b7d33,30,30,1.3,0.5666666666666667,4628.0,1.0,29,6.591917675741603,87.7034842967987
c45a0ded-a344-4512-bae5-5fe18be77b22,30,30,1.4666666666666666,0.6,,1.0,38,6.6114026617997315,75.42617917060852
c492b249-25a0-44ea-b547-e5be82e623b1,28,5,0.21428571428571427,0.03571428571428571,8125.333333333333,0.16666666666666666,6,6.281475941891464,79.61781024932861
c61fa9cc-eb65-427f-a3cd-3f34d8981ec2,18,15,1.2777777777777777,0.2777777777777778,5739.166666666667,0.5,20,6.360700033635713,83.16009044647217
c62afe68-7726-4d99-9797-64a313ce062b,30,30,1.7666666666666666,0.4,,1.0,47,7.291484426230726,79.64257597923279
c6545468-6c01-42f0-bcec-5de5df7294e4,30,30,2.2666666666666666,1.4,,1.0,56,8.9544138958505,82.11337327957153
c71c8e14-3ce3-4ed0-ad3a-d8a34f07aa97,20,18,1.55,0.7,6734.0,0.6,22,6.699919094041995,82.37549066543579
c777d908-cb28-49e4-8989-38b5a6a76d7e,30,22,0.8,0.5,6341.952380952381,0.7333333333333333,24,7.423595237324172,83.56202244758606
c7a836ed-380d-4456-934f-bf39cb301ecd,30,30,1.3666666666666667,0.6333333333333333,2394.0,1.0,32,6.6553147854047285,83.02391767501831
c803b625-b2f3-41e6-a46f-8d1166fb8dc7,30,25,1.1,0.6333333333333333,5885.823529411765,0.8333333333333334,29,6.638952668295685,81.96641206741333
c94bc9f5-d7bb-4ec5-ac3b-0716e73a7580,30,20,0.8333333333333334,0.43333333333333335,,0.6666666666666666,23,6.398165133381229,78.96366119384766
c958dc0e-1fab-4256-abe2-297054df6abe,30,30,1.2666666666666666,0.26666666666666666,7884.8,1.0,25,6.1069291177152865,82.53955841064453
c95b3f95-32ab-4cff-ad6d-f7ba100c08c7,24,24,2.1666666666666665,0.0,,0.8,32,6.530994308595954,79.55111265182495
c9891938-c871-4a41-b735-9bc138c3c2fa,30,30,1.5666666666666667,0.36666666666666664,,1.0,43,6.97462928655973,80.46375513076782
c9a88120-e143-4fd9-9d7a-92d2c58e2426,30,8,0.3,0.1,6954.0,0.26666666666666666,8,5.440097546285568,82.04652070999146
ca8a09b7-b5b0-4f78-b318-35d6cf970ecc,20,20,1.05,0.05,,0.6666666666666666,17,6.474584127244652,85.74230670928955
cb1061de-f77b-4f72-9dac-2395901f85df,30,29,1.3666666666666667,1.0333333333333334,,0.9666666666666667,38,6.317355502762396,79.38323020935059
cb93e8a5-5be1-403e-8d22-6afc73480798,20,8,0.5,0.45,6896.666666666667,0.26666666666666666,9,6.070441207397132,80.54102659225464
cb9d61bd-f3e0-4b18-8a98-e18c6998236e,30,30,1.0333333333333334,0.9666666666666667,,1.0,25,7.691614861494643,85.94525456428528
cd3ae88a-e596-49fd-be76-cf55871ebd93,27,27,5.0,0.1111111111111111,7493.166666666667,0.9,81,7.459201929482656,88.79520893096924
cdd8cbc8-8c32-4440-917c-731e42c6a215,30,25,2.3666666666666667,0.0,,0.8333333333333334,64,7.94272815520667,77.59043574333191
ce134539-adc6-4dc3-a185-da4499c706cb,30,26,1.3666666666666667,1.3333333333333333,,0.8666666666666667,27,6.063944801934586,84.1732919216156
ce4fd78b-c7ea-4673-ab55-c9b5dd766e16,26,22,1.1538461538461537,1.0,,0.7333333333333333,27,6.877574587670047,82.04925060272217
cead5caa-293e-4441-8cf8-a7efdc6fda14,30,30,5.0,0.8,,1.0,123,7.657832922636069,81.10769987106323
cee806fb-9b64-45e8-9703-0862fb70808b,20,1,0.05,0.05,,0.03333333333333333,1,5.0865838818100215,80.89429140090942
cf0a2957-74b9-472d-ad9c-4bb6f344fc37,30,3,0.1,0.06666666666666667,4651.333333333333,0.1,3,4.69479917369651,82.2464644908905
cf0f1aa0-9ce1-4e24-b677-55fb453d7093,30,22,2.9,0.8,,0.7333333333333333,81,7.90304543055249,83.558189868927
cf1b6250-ed6e-4f37-b158-d80693ec974a,30,22,1.1333333333333333,0.8666666666666667,,0.7333333333333333,25,6.332350924454134,77.69348621368408
cf558c92-77f7-416e-a622-dab75d4cd625,30,3,0.13333333333333333,0.06666666666666667,,0.1,4,7.756062017230985,86.04358434677124
cfa4966b-e12f-44f0-aa9b-59367789d372,30,30,1.0,0.7,4021.0,1.0,28,7.368719261474252,82.38363862037659
cfeebcd4-e625-439f-8dda-67f0cef3e879,30,16,0.5333333333333333,0.36666666666666664,,0.5333333333333333,14,6.974809990316803,80.49370646476746
d07aa5ee-9a18-4e03-b9c3-b0c74a30c769,30,30,4.2,0.03333333333333333,,1.0,102,7.0428537052710904,78.01267504692078
d1196e7e-54d4-46ba-927f-6b7d64ce9813,30,30,1.8333333333333333,1.3666666666666667,,1.0,42,6.880329033732881,80.42434453964233
d1bcd9c2-1b22-4864-ae60-3259650de72e,30,30,1.0,0.0,650.0,1.0,29,7.093120364645262,87.27967143058777
d1c69735-dd44-42a5-b5a2-862ad4ee79b9,30,28,1.5666666666666667,0.16666666666666666,,0.9333333333333333,43,6.826502074438346,80.82665205001831
d2031532-3e40-49b2-9e31-cf5308fdc88d,29,29,1.2758620689655173,0.5172413793103449,,0.9666666666666667,23,6.026419074017356,85.67489385604858
d20eb94f-ad31-45b3-9b72-d793e10e0c1c,17,15,1.2352941176470589,0.5882352941176471,,0.5,19,6.675755396634012,84.86473560333252
d3be03fb-6e86-4bc7-ad55-d851295d3674,30,22,0.8666666666666667,0.5333333333333333,3897.0,0.7333333333333333,17,6.139551271799661,81.89161419868469
d44451c9-9a06-469f-ac8b-7c7dee6ffdd8,21,18,1.1428571428571428,0.42857142857142855,101.0,0.6,17,6.033154836700679,78.13531160354614
d46d166d-4891-4de8-a22b-dcbfb2b0286e,30,20,0.8,0.43333333333333335,,0.6666666666666666,13,5.059405713373421,83.6850106716156
d4b6612c-5e65-4bef-a131-043caef02a4d,30,30,1.2666666666666666,0.9333333333333333,,1.0,27,6.236684383661602,85.81838011741638
d4f2aa60-42df-45ff-9e1a-7936588352ed,20,18,1.95,0.9,6249.0,0.6,30,6.6989843896130274,78.74447703361511
d61c4d5c-cc4b-4b4f-987c-db84a12cca80,17,1,0.11764705882352941,0.0,,0.03333333333333333,2,6.846082479087306,89.02559876441956
d67d4ef1-cd41-4627-b2dc-0df759bdcc32,30,30,3.6666666666666665,0.1,,1.0,103,7.881199932605166,85.92879176139832
d6c5d174-043b-4951-9900-f83ced01a757,30,29,0.9666666666666667,0.4,,0.9666666666666667,29,8.334567877771546,80.82519769668579
d6d5f56f-a0e3-42de-afa5-402a98401709,29,28,4.827586206896552,0.0,5081.0,0.9333333333333333,122,7.62725586387706,85.21355390548706
d6f8de37-bfd9-44eb-aee5-8e2e422b4fda,18,16,1.3333333333333333,0.2777777777777778,9787.0,0.5333333333333333,24,6.400352007095692,83.84663462638855
d7439127-ecc6-450e-bd40-1f6bd0888b22,19,14,0.9473684210526315,0.7368421052631579,8768.0,0.4666666666666667,14,6.659133763551449,82.35267400741577
d7595bec-a1ec-4d4b-9752-7a83a18f1832,30,18,0.8333333333333334,0.26666666666666666,,0.6,25,6.657943859232239,84.46594476699829
d7923ff7-6c09-4f9a-9ef9-b15aed33c4a8,16,11,0.75,0.375,6567.0,0.36666666666666664,9,5.94101960990548,81.42750859260559
d7b1a90c-2a60-4e1a-a1b3-cad8daed8185,30,20,1.0,0.06666666666666667,,0.6666666666666666,28,7.096647656985905,81.65367841720581
d80e1ced-d640-4311-baac-ad17eed051bf,23,22,1.3478260869565217,0.8695652173913043,,0.7333333333333333,24,6.299519789279466,85.71414947509766
d85afbd4-29ba-4e25-aa24-7b73d5ecbdda,30,30,1.5666666666666667,1.4333333333333333,,1.0,41,8.038763585163831,86.64835095405579
d933005c-2dab-4c3e-a553-6ac8abc18e1e,30,28,1.2,0.0,6435.631578947368,0.9333333333333333,35,7.359916807416685,85.65903902053833
d9c02cda-013d-4b33-8f13-9ebdaa2ac326,16,12,0.8125,0.25,,0.4,13,6.505898815952104,86.32867932319641
d9f12266-c7b2-4fb1-b98b-5f76dc98fb82,30,20,0.7333333333333333,0.36666666666666664,,0.6666666666666666,20,7.031993002620129,83.39390754699707
da607e49-3f28-4cc9-a9e5-86c25185755b,30,16,0.9333333333333333,0.0,,0.5333333333333333,22,5.782379052488119,89.95323181152344
daa3e810-8b07-4542-a153-65f418bc372e,30,30,5.0,0.13333333333333333,,1.0,64,7.355076350148444,83.96716117858887
dc8e2ecc-de78-4017-9793-71879b046ecb,30,11,0.36666666666666664,0.1,,0.36666666666666664,11,6.157485615564446,84.60329174995422
dd10fe00-9d72-477a-9c01-2dde44c58958,29,24,1.206896551724138,0.6206896551724138,,0.8,29,6.071711551090697,86.42365336418152
dd142243-e19b-4bbd-b10c-e8e0cfa8c7ff,30,28,1.1333333333333333,0.9666666666666667,,0.9333333333333333,29,6.3325114406577265,84.52374339103699
dd260863-f8df-4609-8c5a-c4ab58161f09,30,25,1.1,0.23333333333333334,,0.8333333333333334,31,6.594836723831998,79.6906590461731
dded534f-c1fb-481e-8fde-21e556fa3b36,30,30,1.6,0.23333333333333334,4913.0,1.0,44,7.543952577298244,85.49684882164001
de32f9fe-8b76-48fe-86e0-14ae9740e66f,30,30,1.2666666666666666,0.6666666666666666,,1.0,24,7.002925550463944,80.22505640983582
de86c307-30ef-4730-a422-8308665cd811,30,30,1.0333333333333334,0.8333333333333334,,1.0,26,6.645416249757999,82.06934332847595
dee02cf3-a39a-4f07-a66e-96a564b32786,29,29,1.0,0.6551724137931034,6546.75,0.9666666666666667,29,7.981772950651313,82.49820470809937
e01bbdce-66b5-4aa0-a1f5-de8285c269d2,30,30,2.3,1.7666666666666666,,1.0,53,6.9117005783963466,82.39007592201233
e0cf011b-1b78-460e-ad08-0fb81d2094a8,22,10,0.5,0.18181818181818182,8081.833333333333,0.3333333333333333,11,6.241026157796662,79.79117631912231
e12e24ec-6d6c-4f70-9d79-156fd101945f,30,19,0.6666666666666666,0.36666666666666664,7955.0,0.6333333333333333,13,5.534302490532952,77.6662826538086
e1c78d78-bed4-459b-a4c6-ab7d119fc36c,30,29,1.9666666666666666,1.1666666666666667,,0.9666666666666667,55,7.386639843041906,77.8113305568695
e27cd104-7f03-4d45-95ff-eb1fca9fdb6f,30,28,1.6,1.0333333333333334,,0.9333333333333333,35,6.33851773613708,82.3788583278656
e2b5025e-e1d7-4374-99c8-9e6b4eba0746,30,30,5.0,0.3,,1.0,65,7.533429299409272,78.50960493087769
e3212751-1560-4351-b10d-d28c5c4f164a,30,30,2.9,0.0,4213.2,1.0,42,6.0187902773824,82.31419324874878
e3221fc1-2d2b-4fbf-b4e7-2d6b43d81b78,30,28,2.1,0.0,4901.72,0.9333333333333333,55,6.926932821825278,80.92034459114075
e407eb4e-6846-4cf5-97da-fbe6c4443962,18,16,1.7777777777777777,0.8888888888888888,,0.5333333333333333,29,7.355601954022863,81.93678259849548
e469d038-f6d7-46ae-ac18-f77067a803e5,21,21,1.4285714285714286,1.0476190476190477,,0.7,20,6.399623286861729,82.51994848251343
e4edd839-0af9-4d09-910c-5f4dbfb7855e,17,17,3.8823529411764706,0.0,,0.5666666666666667,65,8.609959686504528,82.87898302078247
e5f193e4-e1b5-40af-8517-6838e1d5a5f7,26,26,1.2692307692307692,0.8461538461538461,,0.8666666666666667,24,7.462524372880199,84.16808843612671
e60bfdc9-f075-4f7c-8fef-6ec99c9b00a5,30,27,1.3666666666666667,0.7333333333333333,,0.9,32,6.418672176479259,86.49333715438843
e62fef41-a2dd-4835-bfc7-9d7914f2b2f8,30,23,0.7666666666666667,0.0,,0.7666666666666667,22,6.802257908822838,81.23917579650879
e6d3097e-bad2-4ee2-b100-3a5d9504f01d,18,18,1.8333333333333333,0.2222222222222222,3269.0,0.6,28,6.3218724151186985,81.43189549446106
e8d271c2-2ae7-49b0-8d1b-5366d3981851,17,17,2.588235294117647,0.11764705882352941,5572.222222222223,0.5666666666666667,42,7.1915564731942645,79.65725660324097
e977004e-43a0-4466-ad9c-abb8f2b86fc2,30,18,0.7666666666666667,0.3333333333333333,6770.5,0.6,16,5.747468969270533,77.60400176048279
eaa37cae-1c74-408f-8bbf-0f0daba8a2bc,30,30,1.5333333333333334,0.43333333333333335,,1.0,40,6.710457862302412,71.08091711997986
eb560e98-13f8-488c-bc0e-72f6d4b733e7,30,30,1.0,0.9,3982.0,1.0,26,6.532776328049459,82.64163136482239
ec2295fa-2964-4521-a588-c1c11986ec25,30,23,1.2,0.4,,0.7666666666666667,27,6.424375325947735,82.91495442390442
ec7eb6b4-9121-4499-b7a7-a3e6c5c7478c,16,16,1.5625,1.0,,0.5333333333333333,24,6.917750479670739,86.30329370498657
ed7be611-748e-4d48-ba60-1ff0f49668c7,30,25,1.0,0.9666666666666667,6300.428571428572,0.8333333333333334,26,6.813682895244957,78.4633994102478
edebb8ef-1d06-42b4-a8bf-18be9831acf6,29,14,0.5862068965517241,0.5172413793103449,,0.4666666666666667,17,6.745043678585013,81.68609142303467
ee515ae8-df2b-4326-a16a-d2e5914eaf0b,30,18,0.6666666666666666,0.43333333333333335,,0.6,19,6.967710453006022,82.29644298553467
ee8ea08c-bb10-4dbd-89a5-7ae19445c6ac,30,30,2.1666666666666665,1.0333333333333334,,1.0,56,6.984910003401812,78.71952056884766
ee99115a-0407-479c-aa7c-3b403b2a9412,30,26,0.9666666666666667,0.4666666666666667,,0.8666666666666667,19,6.513616081583459,83.79902839660645
eeacb7ac-23df-4499-a48d-6c4387907516,30,10,0.36666666666666664,0.3,,0.3333333333333333,11,7.556491411412836,81.28902912139893
f06c6c77-41fe-4c65-8ec8-9e1ca02127fa,30,19,1.0,0.43333333333333335,,0.6333333333333333,28,6.722423931730194,84.47414636611938
f104f4bf-5f59-4368-ad5b-37fad01d64c7,19,19,3.1052631578947367,0.0,,0.6333333333333333,47,7.272061219861355,85.54585576057434
f1d28ff1-e862-4950-bdc3-b23cddba447b,30,9,0.4666666666666667,0.03333333333333333,,0.3,13,6.676595634836388,86.12346649169922
f1e8fd0d-b2bf-4d15-af32-c19070c481c1,30,30,1.2333333333333334,0.6,,1.0,27,6.776957410651516,87.41317987442017
f2546d17-9f54-4940-9560-cba6e096bf46,30,30,4.133333333333334,2.6666666666666665,,1.0,90,7.187608919291533,83.14736485481262
f39d529a-8805-426d-9975-06ee297fd1bb,30,17,0.8666666666666667,0.7,5888.461538461538,0.5666666666666667,26,7.8261462260216925,84.15360450744629
f566a3aa-9cf5-4203-b6b8-062d50c4a672,30,10,0.43333333333333335,0.2,,0.3333333333333333,12,6.145089533561271,79.70076203346252
f568cfea-3d40-4f77-a2ea-707b0bc3d3a8,21,19,1.619047619047619,1.0476190476190477,,0.6333333333333333,22,6.866360118220333,75.91738700866699
f5936a27-0b45-4fbd-9391-1b02079a196f,30,30,2.1666666666666665,0.0,,1.0,54,6.429622522175413,82.36779570579529
f5f70b3e-3145-4a8d-bb6f-aab9bf6719cf,30,29,0.9666666666666667,0.9333333333333333,,0.9666666666666667,14,7.526526648282807,80.9803307056427
f6485de2-c15f-48ce-9b91-5c6ee0332bdc,22,20,1.9090909090909092,0.45454545454545453,,0.6666666666666666,34,6.532484425359056,84.58021283149719
f724fd21-bb9a-48ac-a196-b53b7a86ac59,30,14,0.5666666666666667,0.03333333333333333,,0.4666666666666667,16,6.360522380659752,77.50948071479797
f73f136d-1cab-4581-ab45-e0c28da87432,30,21,0.8666666666666667,0.6,4981.190476190476,0.7,23,7.3823324558588395,83.18471312522888
f7aa142a-f57a-4c92-8f1a-6957037babc6,26,26,1.1153846153846154,1.1153846153846154,,0.8666666666666667,26,7.220326543087579,80.42961955070496
f7b15403-a7f9-487f-8f86-4c45f6d40957,30,25,1.0,0.1,5085.0,0.8333333333333334,13,5.290333833775308,83.39727520942688
f85575ba-2928-42d9-be92-d9b57227646e,15,13,1.6666666666666667,0.13333333333333333,6182.666666666667,0.43333333333333335,22,6.959554522756828,83.17321538925171
f948926f-c996-4bd0-87db-d36f4e84cb02,20,13,1.1,0.7,4932.0,0.43333333333333335,17,6.717240471927276,79.22760844230652
f9a42e20-60b2-4e5b-b9b5-e097e6b0742a,30,25,1.0666666666666667,0.6333333333333333,,0.8333333333333334,23,6.424736620205432,79.99211549758911
fa2ed9c3-a28d-4b6a-b05d-a0841d610dde,30,1,0.03333333333333333,0.0,,0.03333333333333333,1,6.558400415824767,82.434743642807
fa726ce0-a63c-4acf-b2d5-90868d41f55b,30,30,2.033333333333333,0.16666666666666666,,1.0,52,7.119276772504631,78.85714769363403
faa608e3-7ace-4d14-8666-83d163737f9a,30,30,5.0,0.0,,1.0,132,8.128363122586618,87.3320460319519
fbdf0f8e-05c2-405d-ba6c-210363f3a95b,18,0,0.0,5.0,,0.0,0,,80.66943287849426
fc63b789-dba7-4431-b113-c959928170da,28,10,0.35714285714285715,0.35714285714285715,6612.75,0.3333333333333333,10,8.281023840332777,82.63936042785645
fdab98a7-4f3c-491b-8d8c-2b66d046a6b8,30,29,1.7333333333333334,0.2,,0.9666666666666667,47,7.520042367342389,79.36760783195496
fe275392-241f-4592-8073-8d8b7da86cf0,24,24,1.25,0.8333333333333334,8939.25,0.8,18,6.136283585368057,81.81498646736145
fe6ff1fd-b2ac-407d-b8b9-bf94c5ba362a,23,21,1.7826086956521738,0.21739130434782608,5076.153846153846,0.7,35,6.671287804456689,81.5985918045044
ff46f60c-330e-4305-8589-031f261fb855,30,30,2.033333333333333,1.4666666666666666,,1.0,56,7.341244560689866,81.37741088867188
ff8603fa-72d9-42e9-ac88-a5ae4f749851,30,29,3.5,0.4666666666666667,,0.9666666666666667,91,7.581400355821975,79.44177985191345
ff952f5b-a7a9-458e-b8cd-e338e6e14d34,30,19,0.6333333333333333,0.6333333333333333,,0.6333333333333333,15,5.322074321048427,78.81325483322144
