user_id,ref_dat_score,dat_before_glove,dat_after_score,delta,dat_after_n_used
eb560e98-13f8-488c-bc0e-72f6d4b733e7,77.55199028622536,82.64163136482239,79.42011952400208,-3.2215118408203125,7
adf8a551-e75e-42bc-8554-3569bbb06626,81.30645728891804,80.5819034576416,77.90045738220215,-2.681446075439453,7
28e363a1-974f-485f-bf5a-8a34e0836e70,89.65344888468583,83.11928510665894,77.58026123046875,-5.5390238761901855,7
3e601fc9-d8b9-4574-98f7-6dd9a63961ad,94.47455019468353,86.45510673522949,84.70529913902283,-1.749807596206665,7
aa9713b0-1744-43c3-a09f-352e6145db6f,80.28264131973542,86.3511323928833,81.72687292098999,-4.6242594718933105,7
0b569a7d-7df7-4042-a40d-d2d51f0884a4,94.89163010758126,83.53352546691895,88.47729563713074,4.943770170211792,7
d44451c9-9a06-469f-ac8b-7c7dee6ffdd8,77.90888258300367,78.13531160354614,86.73437237739563,8.599060773849487,7
6e109e36-9734-48f9-8b9f-cdabf8f3c591,90.33276952603566,89.66712951660156,82.01174736022949,-7.65538215637207,7
009c0d0e-20c0-4339-90f2-0bdf1fb761c6,78.56020075934273,86.91338300704956,80.3331732749939,-6.580209732055664,7
325294fe-20ab-495e-88a4-ed6a3d962352,79.60323288238475,78.70047688484192,84.3709647655487,5.670487880706787,7
d3be03fb-6e86-4bc7-ad55-d851295d3674,87.02551729067983,81.89161419868469,75.41256546974182,-6.479048728942871,7
cf0a2957-74b9-472d-ad9c-4bb6f344fc37,76.20961009746506,82.2464644908905,85.5498194694519,3.3033549785614014,7
01965ade-fabe-430d-adba-2aa1d892d62d,86.45604529551098,81.44945502281189,78.36194634437561,-3.0875086784362793,7
61cb5b4e-1154-46f6-b320-f2cf62acee7d,87.95249462127686,80.78235387802124,75.4758894443512,-5.306464433670044,7
c324a18d-49e5-41ef-a28c-8a8dfc25dcbe,77.41194743485678,86.37824058532715,84.87374186515808,-1.5044987201690674,7
e4edd839-0af9-4d09-910c-5f4dbfb7855e,80.65943817297618,82.87898302078247,79.58496809005737,-3.2940149307250977,7
241357f4-905a-4128-8bf0-38521834992f,84.89616388188941,81.0160756111145,84.32947993278503,3.3134043216705322,7
071b2d14-ae65-4ad8-8422-7b9e677d1761,70.14776127679008,83.95003080368042,80.75448870658875,-3.195542097091675,7
278e529c-5293-4e98-85f4-80ae9f53a8f5,76.42398774623871,88.25170397758484,83.8077187538147,-4.443985223770142,7
71fdc3af-7633-4d44-ac8a-afc546f08a3b,80.06094204527992,83.08873176574707,83.31772685050964,0.22899508476257324,7
31f6ccbe-73fa-4477-b22e-cdfd6ce94218,86.45763660204553,81.72791004180908,87.29501366615295,5.567103624343872,7
d6c5d174-043b-4951-9900-f83ced01a757,93.36374734217922,80.82519769668579,82.98972249031067,2.164524793624878,7
04ebbf50-40a2-4506-99d8-e83af09a6582,91.72312533039423,90.20708799362183,83.78106355667114,-6.426024436950684,7
c9a88120-e143-4fd9-9d7a-92d2c58e2426,77.61104915823255,82.04652070999146,83.78897309303284,1.7424523830413818,7
f566a3aa-9cf5-4203-b6b8-062d50c4a672,88.45983947671596,79.70076203346252,83.91832709312439,4.217565059661865,7
d933005c-2dab-4c3e-a553-6ac8abc18e1e,80.21310174039432,85.65903902053833,78.78967523574829,-6.869363784790039,7
577cea7f-0f05-48c3-905d-035de8ef4406,82.7470702074823,81.11090660095215,83.0725610256195,1.9616544246673584,7
f724fd21-bb9a-48ac-a196-b53b7a86ac59,78.78453420430776,77.50948071479797,74.61552619934082,-2.8939545154571533,7
f5f70b3e-3145-4a8d-bb6f-aab9bf6719cf,89.61636216512748,80.9803307056427,84.82332825660706,3.8429975509643555,7
e3212751-1560-4351-b10d-d28c5c4f164a,93.23273502467643,82.31419324874878,80.23702502250671,-2.0771682262420654,7
630997cf-fe19-4be7-9641-9814c1b50579,90.21234703028486,74.47205781936646,82.90167450904846,8.429616689682007,7
486f14cd-a570-43ae-bfb8-e283610b7c41,94.16426141701993,86.73142194747925,80.5723488330841,-6.159073114395142,7
1ea96648-fee1-42e4-aa27-a20e7944ce69,79.12633623927832,83.905428647995,88.97313475608826,5.067706108093262,7
d6d5f56f-a0e3-42de-afa5-402a98401709,82.81788836632457,85.21355390548706,80.77758550643921,-4.435968399047852,7
9f5c72d8-d50e-4087-b8a2-ff8135449bd8,88.64134263380298,78.98041605949402,85.80975532531738,6.829339265823364,7
3c483d64-7e66-45c6-b493-ae06e0a07600,85.82528281147547,82.07553625106812,88.69566917419434,6.620132923126221,7
edebb8ef-1d06-42b4-a8bf-18be9831acf6,73.80855065726098,81.68609142303467,79.20653820037842,-2.47955322265625,7
750d59a8-0845-4b01-b414-d3d29b2ffc39,80.760017569576,84.17474627494812,84.25631523132324,0.08156895637512207,7
f7b15403-a7f9-487f-8f86-4c45f6d40957,76.59906113431568,83.39727520942688,86.34206652641296,2.944791316986084,7
20b9f11f-6cde-40db-b25f-31569c7d3fb2,90.04797643671434,81.10856413841248,86.32694482803345,5.218380689620972,7
4678b63d-cbf6-427a-ac69-217cfadadb62,79.87298844825654,83.51160883903503,77.18958854675293,-6.3220202922821045,7
dded534f-c1fb-481e-8fde-21e556fa3b36,80.36209905431384,85.49684882164001,80.65875172615051,-4.838097095489502,7
ed7be611-748e-4d48-ba60-1ff0f49668c7,83.73167466017462,78.4633994102478,81.87630772590637,3.4129083156585693,7
1ed9a23a-dbe0-48b7-b550-19e7151ea1fb,75.13436043546314,89.59650993347168,80.49784898757935,-9.098660945892334,7
9ecd3065-6e0d-44c5-929b-dc68e2c3b83e,88.59425042090672,80.9942364692688,76.55226588249207,-4.441970586776733,7
83b10d70-6cb3-4e25-9706-0550cd5e5ff3,92.59765855164179,85.33018231391907,81.21398091316223,-4.116201400756836,7
e12e24ec-6d6c-4f70-9d79-156fd101945f,79.92948570421764,77.6662826538086,81.84370398521423,4.17742133140564,7
4ced2b8e-e669-4675-b8aa-878fde20630a,81.3254821690775,73.26489686965942,78.3765435218811,5.11164665222168,7
42ce8c82-2f48-4f6c-a135-e391813359d2,76.65861426364808,85.60957312583923,82.73623585700989,-2.8733372688293457,7
7562e7ad-db5c-4fa7-a6fa-2b47d08ff3a4,85.67173368341867,83.30323100090027,83.08767676353455,-0.21555423736572266,7
4232f7a3-388c-4d0f-8b8e-8f7a9a80edd4,91.0855284847674,85.13897657394409,85.13897657394409,0.0,7
64a3b852-4d9b-4ce7-9104-c08d9c02d82a,76.94962613639377,83.07942152023315,84.90632176399231,1.8269002437591553,7
8bfeab6f-7db4-4403-a3f0-05e74f9e2d63,94.73199138883501,84.32977795600891,84.01017189025879,-0.31960606575012207,7
8004cbff-0c95-4254-a296-cc07955ab290,83.16964397284512,83.44183564186096,82.16966986656189,-1.2721657752990723,7
2226b9d0-3526-45c9-b102-74365b7546ab,95.55425312192668,79.66769337654114,84.2855453491211,4.617851972579956,7
1fe3b4e3-e38b-42d2-b7a3-802830637736,80.19407212379433,83.82519483566284,83.12662839889526,-0.6985664367675781,7
14bda0a9-64ad-4db3-b507-ad43170f645b,80.0415865544762,86.66289448738098,84.7105860710144,-1.9523084163665771,7
a61bbec2-3d2e-4ed5-aab2-007473c02c6a,81.12523644453003,80.33412098884583,82.6944649219513,2.3603439331054688,7
2cd64601-57a4-463d-b77e-dab65807ca0e,90.99966843523795,85.26625037193298,85.22112965583801,-0.0451207160949707,7
d7439127-ecc6-450e-bd40-1f6bd0888b22,89.22546585644817,82.35267400741577,82.91730284690857,0.5646288394927979,7
27f8b5fc-c808-412b-af2a-da5ae9a08ca6,91.42393325233743,83.31694006919861,80.23983240127563,-3.0771076679229736,7
e8d271c2-2ae7-49b0-8d1b-5366d3981851,93.96207184929933,79.65725660324097,86.26490235328674,6.607645750045776,7
5b7f788d-380b-4d24-8185-cd6b192d5eb3,88.05683998479729,76.64188146591187,79.25600409507751,2.6141226291656494,7
7181e613-aed3-4e6d-b2c5-d31fc4e55154,90.4291347716935,86.52073740959167,80.65201044082642,-5.868726968765259,7
b4cd9fbd-86d5-47f9-bffd-27f0a9c672ab,86.29274339902969,89.8244321346283,81.18348717689514,-8.640944957733154,7
878ba42a-6752-4d01-9181-b7889438f9fd,88.92095444635267,78.7339985370636,87.52867579460144,8.794677257537842,7
b3daaef7-efc7-4486-b397-7db6f51279ec,68.02400825988678,75.94396471977234,84.30564403533936,8.361679315567017,7
4bc2f720-7ab4-46bb-b705-1502611d46e5,86.0115399761569,83.15232396125793,81.53204917907715,-1.6202747821807861,7
cf558c92-77f7-416e-a622-dab75d4cd625,90.41731881110796,86.04358434677124,84.42851305007935,-1.6150712966918945,7
c2ab72a1-bda4-4efa-9fbb-5d939d3d81fc,90.70804364469257,86.3904595375061,84.320729970932,-2.0697295665740967,7
f1e8fd0d-b2bf-4d15-af32-c19070c481c1,82.46553808095909,87.41317987442017,83.87138843536377,-3.5417914390563965,7
54016aae-26d6-4b44-93d6-351c1c1e9ea3,93.52340016270145,82.13374614715576,85.88865995407104,3.754913806915283,7
12119ee9-a892-4773-8d11-72fc7b49e611,89.18270899337672,85.81383228302002,85.56506633758545,-0.2487659454345703,7
3945e65e-936f-4c70-9cea-ace033e56e0b,83.6818368129787,83.39020013809204,82.42952227592468,-0.9606778621673584,7
04cff3d7-f76e-42bc-9960-042cdb2e8a46,93.66273313228574,75.51589608192444,79.5824408531189,4.066544771194458,7
9f95f700-a557-42e5-ac2c-1737024c4c71,68.65325818459193,76.45002007484436,84.58172678947449,8.131706714630127,7
107a8885-7d6f-401b-b6fe-9d00ae39cc80,82.89259865414351,74.4530200958252,82.31884837150574,7.865828275680542,7
ec2295fa-2964-4521-a588-c1c11986ec25,94.79540730715685,82.91495442390442,82.32652544975281,-0.5884289741516113,7
6a029802-fc2f-4599-92b2-10d39269025f,90.78575648101312,79.79048490524292,82.65764117240906,2.8671562671661377,7
c61fa9cc-eb65-427f-a3cd-3f34d8981ec2,86.31288438281487,83.16009044647217,80.72142004966736,-2.4386703968048096,7
e3221fc1-2d2b-4fbf-b4e7-2d6b43d81b78,92.45316460714787,80.92034459114075,87.35235333442688,6.432008743286133,7
1d90ff54-7cb1-4a8e-875f-2754f848788f,76.25217366786231,79.70719337463379,84.59893465042114,4.8917412757873535,7
e60bfdc9-f075-4f7c-8fef-6ec99c9b00a5,81.55657371860885,86.49333715438843,83.74876379966736,-2.7445733547210693,7
c2eee908-0a66-43dc-9502-a2507e495997,91.77181704768113,80.30503392219543,81.50742650032043,1.202392578125,7
25498aa4-2ecb-4fae-9ae7-1748d6abad6e,85.33248865001258,79.93334531784058,77.02456712722778,-2.908778190612793,7
014f39ee-300f-483e-bba7-1a85e1c3be9c,91.69815253200275,82.6549232006073,81.634521484375,-1.0204017162322998,7
15f57e22-b9f3-4f71-977b-ae6d997cb183,89.99634034754266,79.54387664794922,83.88005495071411,4.336178302764893,7
1ebd1801-8ecd-4fba-aeee-e094e560ecbb,89.05606978917906,82.86247253417969,76.14837884902954,-6.7140936851501465,7
62377def-d8eb-41ac-89ec-695508dc6da6,84.94069589554177,83.14786553382874,78.36780548095703,-4.780060052871704,7
62e62271-f365-4361-8fd6-4d6c98971d40,91.0510548739694,79.66836094856262,80.8906078338623,1.2222468852996826,7
2f6970a0-9339-48de-8deb-5b64f43603a7,83.28651422191234,76.16026997566223,78.70932221412659,2.5490522384643555,7
f9a42e20-60b2-4e5b-b9b5-e097e6b0742a,84.12844041096312,79.99211549758911,79.78354096412659,-0.20857453346252441,7
2193a71d-de6d-47bf-8533-014ccbd2f5c6,78.74603635143666,79.91549372673035,85.04225611686707,5.126762390136719,7
5e3a2c8b-9174-48ae-9fd1-723f66305213,87.61079018669469,84.25717353820801,78.94176244735718,-5.31541109085083,7
458e1657-01a0-4463-90ac-7e0be824b454,92.11817782682677,81.922847032547,83.81933569908142,1.8964886665344238,7
e407eb4e-6846-4cf5-97da-fbe6c4443962,89.16226753831974,81.93678259849548,82.93028473854065,0.993502140045166,7
297e893e-9eda-4b1e-a429-3b3d666c1a2b,83.56646648705161,83.83345007896423,82.26149678230286,-1.571953296661377,7
25cdb6d5-9315-41bd-91e7-14d46c4102e7,88.16112825214597,83.98966193199158,85.01673936843872,1.0270774364471436,7
d7923ff7-6c09-4f9a-9ef9-b15aed33c4a8,90.32084775112924,81.42750859260559,82.72646069526672,1.2989521026611328,7
481a6e7d-3317-49fb-8ca5-d42fc779e770,82.84225190679233,82.63315558433533,81.03987574577332,-1.5932798385620117,7
61b14ace-f671-486f-a32a-6fcdd910d6a9,81.73365956615834,81.13228678703308,83.39585065841675,2.263563871383667,7
24307a75-4128-44d7-85db-22e63b31c34c,84.53226604809363,82.03705549240112,82.19958543777466,0.16252994537353516,7
5cc6d890-977e-48ee-b355-3bba937feca5,90.46179267267387,82.28946924209595,83.59085321426392,1.3013839721679688,7
4f123d9a-a551-4c77-92fa-7f11f52d1b99,93.13745288222674,83.15104246139526,83.15104246139526,0.0,7
581f6998-cfa9-45bf-bb99-ba21d1a1635f,82.00987352146988,81.42620921134949,83.40531587600708,1.9791066646575928,7
2f01cd9e-7334-4eaf-ab95-be7cfafbbec5,81.78920708596706,79.62378263473511,82.25458860397339,2.6308059692382812,7
825a3000-bd59-483b-8288-5e8153b17e64,91.61295041308871,77.92706489562988,82.69575238227844,4.76868748664856,7
72ba06fa-500c-4be5-a10f-92069419cc42,93.33416629316551,86.86662316322327,86.86662316322327,0.0,7
a999e207-447b-4b61-aaa1-fd37ac35f355,86.49579299879926,83.3097755908966,85.54161787033081,2.231842279434204,7
0bd979b0-1ab5-41e5-b665-94c7a9740a24,77.20554215123965,81.34366869926453,82.72643089294434,1.3827621936798096,7
04bc5473-f93b-4f6d-ac21-71d57a5ae025,89.35186452595406,81.62394165992737,82.33487010002136,0.7109284400939941,7
cb9d61bd-f3e0-4b18-8a98-e18c6998236e,79.94015018145244,85.94525456428528,84.46705937385559,-1.4781951904296875,7
41d403e9-68a1-4ec7-9e48-145e74ee5efc,87.19533712026619,83.04885029792786,79.88759279251099,-3.16125750541687,7
579397f0-cb99-43da-990c-ade1095970f9,86.84987522927779,76.47545337677002,78.18827033042908,1.7128169536590576,7
d4b6612c-5e65-4bef-a131-043caef02a4d,85.58418344916953,85.81838011741638,80.87900280952454,-4.939377307891846,7
3bd6693a-a0ad-41ca-9688-c13205a2da0d,84.82196728388469,81.63028955459595,83.71868133544922,2.0883917808532715,7
4003bd35-97bd-4d1b-8a70-66790e6211b0,81.72751817674865,85.45348048210144,82.26916193962097,-3.1843185424804688,7
24d29274-9dc6-4b00-90f3-5f781df1249e,89.05210855522282,83.26674699783325,86.80416941642761,3.5374224185943604,7
192c9731-1f6c-4e2a-b84f-2b9be0e937b0,91.83226199768667,87.88294196128845,83.24950337409973,-4.633438587188721,7
8a31250a-c12b-485e-b0b5-e346b8267657,76.65837676752182,77.66806483268738,86.3293707370758,8.661305904388428,7
cead5caa-293e-4441-8cf8-a7efdc6fda14,79.32559588835353,81.10769987106323,78.25962901115417,-2.8480708599090576,7
254e92d3-6124-402c-a8d5-5bc91d70eeb1,90.31488949521666,84.60947871208191,82.75333642959595,-1.856142282485962,7
177624e0-305b-43ee-8be4-854bbb08a532,87.4133321190519,84.33390259742737,85.5149507522583,1.1810481548309326,7
ff952f5b-a7a9-458e-b8cd-e338e6e14d34,76.68006361595222,78.81325483322144,83.1343412399292,4.321086406707764,7
d1196e7e-54d4-46ba-927f-6b7d64ce9813,80.32689727842808,80.42434453964233,88.13087940216064,7.7065348625183105,7
dd260863-f8df-4609-8c5a-c4ab58161f09,81.8140366691209,79.6906590461731,87.16118335723877,7.470524311065674,7
d61c4d5c-cc4b-4b4f-987c-db84a12cca80,80.91355257091068,89.02559876441956,82.02908039093018,-6.99651837348938,7
20c6cd17-5844-490f-be43-faa927dcabd2,83.82905593496703,82.20403790473938,80.57286143302917,-1.631176471710205,7
de86c307-30ef-4730-a422-8308665cd811,84.74803599806148,82.06934332847595,81.35253190994263,-0.7168114185333252,7
116f8ad4-09b1-46ed-ae04-2f92388a68c0,91.3251056338465,82.72507190704346,80.65770268440247,-2.067369222640991,7
328a4355-cfe3-47ad-af53-a15aabd91aae,85.2923292755371,80.28419017791748,83.68808031082153,3.4038901329040527,7
37a9da9f-4c24-4a97-ac38-bdd24ba75100,87.47535515798344,85.9192430973053,83.15954804420471,-2.759695053100586,7
57d709ae-35a2-4f1a-844f-05f0f7564071,84.92774170424256,82.70543217658997,82.17660188674927,-0.5288302898406982,7
15104cb9-4936-412e-af16-db35a736fe14,99.40578233439564,78.73907685279846,78.89304161071777,0.15396475791931152,7
82563699-feae-4806-8ca3-59105b78430d,78.83367472816082,75.90593695640564,81.11258745193481,5.206650495529175,7
c13d6f93-7319-46bf-8613-9e9a2a810efb,76.29936604450147,82.91641473770142,85.35449504852295,2.438080310821533,7
afe55948-cb93-45d5-b020-637c3aefb231,80.91234186930316,81.74155950546265,83.81224870681763,2.0706892013549805,7
72d7f301-6483-48f4-86a4-202a9b8b2191,82.49264856179555,74.61147904396057,72.49394059181213,-2.1175384521484375,7
9661826a-0dea-4aab-8ef9-bf23ff8b2243,87.96714458038055,82.00014233589172,85.91556549072266,3.9154231548309326,7
7a3b5fed-02cf-4ca4-ad9b-b822e2516695,66.04707127525693,77.960205078125,75.18934607505798,-2.7708590030670166,7
4b8cd025-67ac-48f0-97f3-ea52499474d8,88.59668888728179,75.35859942436218,85.88719367980957,10.528594255447388,7
2ed2f192-d5cc-4c22-8a4e-7a5366b1f785,93.51669364120988,83.87971520423889,84.11110639572144,0.23139119148254395,7
01678153-352f-4750-9366-9a593617e861,87.44017269151907,85.49070954322815,84.21414494514465,-1.276564598083496,7
8bce673d-4934-4b2a-ad42-a8af9368ff95,82.83319170143278,79.49913740158081,81.44583106040955,1.9466936588287354,7
aa979b9d-4c26-43a8-a31d-099ed65b8f5a,93.88406691141427,80.36618828773499,76.36919617652893,-3.9969921112060547,7
b86d5364-6ae3-4284-8b27-9d1be596ac68,75.49487795858155,81.68522715568542,80.39546012878418,-1.2897670269012451,7
aae04b64-8076-4c92-822b-7a38bb72c2ff,92.90919208544351,81.48295879364014,78.78159880638123,-2.701359987258911,7
34e076e7-9437-4aa2-bca8-aee47a42145e,79.95697236841633,85.70456504821777,79.59835529327393,-6.106209754943848,7
027a1d71-981c-4fa0-8f01-999884b19b47,86.76581479431619,84.0425193309784,85.92317700386047,1.88065767288208,7
284d87e0-5f28-4c53-bd40-47b35c6238a7,89.46866447194701,81.28848075866699,84.05460119247437,2.766120433807373,7
21bf97e2-7ab4-45f2-9d8b-7c787fff3448,95.0088183683831,83.80441069602966,86.20867729187012,2.404266595840454,7
9c4d218a-0e7b-45b5-a465-9e8358505382,87.47900436587986,79.66185212135315,83.48957300186157,3.827720880508423,7
0faa0d49-2ab4-4460-ac15-def114b0d682,80.74409282278447,81.75795674324036,81.84962272644043,0.09166598320007324,7
cf1b6250-ed6e-4f37-b158-d80693ec974a,88.61012126186064,77.69348621368408,80.62164783477783,2.92816162109375,7
9b4d71b5-8c07-40c2-970b-6d485f28fefe,91.08204008967039,87.17240691184998,78.97810339927673,-8.194303512573242,7
35aca71d-e1cf-475a-a2e3-0ddd1ff06c0e,83.55905971534196,85.17355918884277,84.54030156135559,-0.6332576274871826,7
18f243ae-6413-4899-a234-a8c77a113718,88.28840883714813,83.74963402748108,82.0077896118164,-1.7418444156646729,7
73910454-873a-405c-9249-cba490a620c6,79.6017553125109,86.49274706840515,83.10142755508423,-3.391319513320923,7
7bfbcf21-a5ee-4f22-a443-ca07db7a527e,88.75589159627755,82.40538239479065,78.04945111274719,-4.355931282043457,7
39ee9838-75fa-4e33-b6bf-1c07daa10033,90.94843767317278,82.23868012428284,78.7876844406128,-3.450995683670044,7
90eae7cc-badd-4bc1-b326-45ec6ba96fbd,91.82284853110711,84.9471390247345,82.90591239929199,-2.041226625442505,7
3a4453f3-430d-4926-83f9-d159f5f2c02b,96.13517443871214,83.3332896232605,82.41206407546997,-0.9212255477905273,7
72a286e2-a831-4737-9759-a32e0a50aca3,78.37895013037182,80.94492554664612,83.57436656951904,2.629441022872925,7
7d178a32-9d51-46d0-b7ef-89c03630ad30,73.34861751823198,84.35202240943909,83.93632769584656,-0.4156947135925293,7
850724b8-c9cf-445b-8636-0795d3669c08,77.97673184513336,87.37784624099731,86.14675402641296,-1.2310922145843506,7
c803b625-b2f3-41e6-a46f-8d1166fb8dc7,80.48662799632265,81.96641206741333,82.30911493301392,0.34270286560058594,7
37902953-c467-494f-926a-2e70d39e671f,80.7696208357811,88.64418268203735,84.73332524299622,-3.9108574390411377,7
4d040bb8-4460-4aa3-92c0-aa1178faadb6,85.2687236276411,71.82231545448303,77.07563042640686,5.253314971923828,7
8836806b-b19f-4073-9b0a-d14823d7d344,88.11208672289338,82.79116749763489,86.0490083694458,3.257840871810913,7
b0e979a4-bb34-41cf-a19f-b4953b1ed6b4,88.77011941014123,82.55842328071594,77.80678868293762,-4.75163459777832,7
e27cd104-7f03-4d45-95ff-eb1fca9fdb6f,86.32433974028875,82.3788583278656,82.9954445362091,0.6165862083435059,7
1ced6542-7b3d-4737-a644-f8a57e3af872,78.58716217534882,84.7326397895813,85.71493029594421,0.982290506362915,7
4749783e-6f73-4bb1-a3fe-a8bdf34b71f7,74.54674662578674,85.0403904914856,74.90299940109253,-10.137391090393066,7
36ce688a-9bc0-401f-954b-5aaf8c4eb465,77.93644705698604,80.71686625480652,77.90476679801941,-2.8120994567871094,7
02171455-0fe8-477b-a6cf-602c79505bcf,86.32323709316552,75.83136558532715,81.0931146144867,5.261749029159546,7
fc63b789-dba7-4431-b113-c959928170da,95.08355672171872,82.63936042785645,84.64534282684326,2.0059823989868164,7
5b16beed-248f-43a7-beac-7dc63673e08b,79.63301213014694,78.7638783454895,84.0484082698822,5.2845299243927,7
18ea2cb3-e2b8-4ae5-b4d0-be4104421604,87.46888438417088,76.99027061462402,80.56777715682983,3.5775065422058105,7
3ec2460c-fa8b-4b23-9761-24013a00d704,90.04311996645161,86.88539862632751,85.99196672439575,-0.8934319019317627,7
e6d3097e-bad2-4ee2-b100-3a5d9504f01d,87.06977482707728,81.43189549446106,86.96127533912659,5.529379844665527,7
7355c621-93c7-447e-9828-c363a57968dc,78.79228384810544,81.06491565704346,83.49226117134094,2.4273455142974854,7
3425cd88-5174-4637-8875-ee0abd67b1d6,86.26299839954646,77.3068904876709,85.0335419178009,7.726651430130005,7
58af897a-d227-4891-b7b8-3980a28cdd0d,87.61030528694391,82.25763440132141,86.41820549964905,4.160571098327637,7
00f43e62-9da1-4f4c-b6e0-034afa22ce3e,87.36708799731873,78.60034108161926,80.04860877990723,1.4482676982879639,7
dee02cf3-a39a-4f07-a66e-96a564b32786,91.51249552600174,82.49820470809937,85.48839092254639,2.9901862144470215,7
69d57858-b901-4e62-928a-3405a17dfd63,69.98436511272476,81.77094459533691,83.71850848197937,1.947563886642456,7
ae1cdf16-e32e-42bc-82f0-3d1ebeafbdb3,85.17633767443753,88.4134590625763,83.50287079811096,-4.910588264465332,7
a0093fd8-2a7e-4278-8e6a-1def02473df4,76.26721747219563,80.20536303520203,83.20561647415161,3.000253438949585,7
90e8a66b-359f-45f1-9ef1-5cd959768b73,79.25062048293296,83.34425687789917,82.64430165290833,-0.6999552249908447,7
cfeebcd4-e625-439f-8dda-67f0cef3e879,86.88506701118534,80.49370646476746,81.0384452342987,0.54473876953125,7
10e36810-ea9a-43f9-967a-a2caf3ec6d89,86.48515217715786,87.52471208572388,76.35915875434875,-11.165553331375122,7
0b1325b0-6446-4e35-9235-3f5d8ecfcbd2,88.71921515577317,80.95514178276062,84.03788208961487,3.082740306854248,7
7b3033af-3c1a-44c8-a97a-a3d2c96575ad,88.19258774497679,80.69756627082825,73.95524978637695,-6.742316484451294,7
c45a0ded-a344-4512-bae5-5fe18be77b22,73.50564960922513,75.42617917060852,79.26533222198486,3.8391530513763428,7
9a614e43-e045-4abb-9916-caf3cb1dcecb,87.64242207010587,85.6643795967102,84.04729962348938,-1.6170799732208252,7
6a00f882-d7b5-451a-b2bc-8c51caa51965,76.89335818092029,82.75555968284607,76.3413667678833,-6.4141929149627686,7
72c086cd-20b6-4541-8f20-5034be49e82e,83.11934944774423,80.31170964241028,78.16061973571777,-2.151089906692505,7
b6cdcc9f-acec-4b55-a182-b9269aece6bd,81.20058970969347,80.06524443626404,84.28552746772766,4.220283031463623,7
09303437-bb90-46c0-a993-c7f693dd12bb,80.22562861442566,81.92343711853027,78.92531156539917,-2.9981255531311035,7
4bee361f-d040-4590-9dd6-ed2954394833,86.08183692253772,76.2163519859314,82.49144554138184,6.2750935554504395,7
0b77ff9d-fb19-4227-84fa-d2dbeba6e340,89.32885963114954,88.50182890892029,83.62733721733093,-4.8744916915893555,7
5065e9b4-5b44-41d0-ab4e-f78401a6a642,76.18613856888953,86.16625666618347,80.0146222114563,-6.151634454727173,7
28bc948f-58e5-46f4-add4-f9f8abf51fd0,79.75349362407412,80.58735132217407,83.45677256584167,2.8694212436676025,7
a9d470a5-c5d4-42a2-94ec-b30eb1cb13a5,87.17742945466723,83.9161217212677,82.74856805801392,-1.1675536632537842,7
bfb53e95-7d14-4eb6-9214-340ed55d5db8,91.31195957639387,81.98533654212952,81.00915551185608,-0.9761810302734375,7
387fefe0-e647-4269-8c62-789d72b912fd,85.87483937098156,83.29209089279175,76.49371027946472,-6.798380613327026,7
f948926f-c996-4bd0-87db-d36f4e84cb02,90.87955257522741,79.22760844230652,83.53217840194702,4.304569959640503,7
d20eb94f-ad31-45b3-9b72-d793e10e0c1c,92.20158516878395,84.86473560333252,80.05508184432983,-4.8096537590026855,7
5e9e6f12-8a2a-447b-8aab-67283fe42674,86.91132052668503,80.2903413772583,84.81628894805908,4.525947570800781,7
36f5f746-9321-4517-bb23-6ca8a8a17232,87.84360620414927,85.59237122535706,84.48810577392578,-1.1042654514312744,7
6b232b8f-c0f7-4d56-af14-61ca1c694b83,73.39303876672473,78.40352654457092,84.32090282440186,5.917376279830933,7
184c18d4-91cc-4527-87d5-11709132876b,91.77498040898215,80.35033941268921,86.78737878799438,6.437039375305176,7
a0919de4-6c51-4bce-91f8-fbdc08f4a454,89.02817763460223,83.69658589363098,83.19726586341858,-0.49932003021240234,7
048bec0e-82e3-4da6-a28c-a1c709611c58,88.25907673952835,79.13563847541809,83.16206932067871,4.02643084526062,7
b1f723d9-aeb5-442e-b92e-0be1ad2bd092,81.61975061964421,86.22469902038574,76.56751275062561,-9.657186269760132,7
2ca40133-a977-4e20-a9fa-391835e7f6dc,93.20963683005955,82.52854943275452,79.05285954475403,-3.4756898880004883,7
7f8a0ff9-1605-4fb1-9c3a-2ed73891a352,80.70657444851739,80.86171746253967,81.31281733512878,0.45109987258911133,7
7c0c8a91-a22d-479c-a63f-c0db10be448d,78.10617731440635,86.79727911949158,84.66273546218872,-2.1345436573028564,7
bfb8708a-3406-4a42-a266-085fbd14b579,81.01554983073757,75.87238550186157,83.29195380210876,7.419568300247192,7
5ff7e65f-f0c9-4df6-bb70-acc8e0f6d434,90.01647020202307,80.70725798606873,84.59434509277344,3.887087106704712,7
5a7707bc-96d6-458a-b6b9-9298b43be225,89.5407998923301,79.95428442955017,83.46793055534363,3.513646125793457,7
1fb20fdd-5d55-49e3-ac4a-ae4f2be20d2e,91.33826813666106,82.69556164741516,83.73952507972717,1.0439634323120117,7
f73f136d-1cab-4581-ab45-e0c28da87432,91.01815322924051,83.18471312522888,83.18471312522888,0.0,7
de32f9fe-8b76-48fe-86e0-14ae9740e66f,80.99738739519601,80.22505640983582,80.0252914428711,-0.19976496696472168,7
86d12ff9-c851-486b-8e43-b66c29c7cb56,84.72515506048997,81.57870769500732,81.50308728218079,-0.07562041282653809,7
2c5fddab-7b4b-4618-bbf3-39203617c09e,74.19755263697533,82.7660083770752,77.84174084663391,-4.924267530441284,7
3ca5f49a-9c37-4010-a666-cf10f2fe2bb7,90.0518678239591,83.30239653587341,87.50924468040466,4.20684814453125,7
f104f4bf-5f59-4368-ad5b-37fad01d64c7,81.1393852700435,85.54585576057434,84.38578844070435,-1.1600673198699951,7
c3e623f2-e9c8-41d0-b088-990ee2b9119e,91.91580752258666,81.1178207397461,76.36343836784363,-4.754382371902466,7
d1bcd9c2-1b22-4864-ae60-3259650de72e,85.59922158185925,87.27967143058777,87.57681846618652,0.2971470355987549,7
d46d166d-4891-4de8-a22b-dcbfb2b0286e,87.8390206556235,83.6850106716156,82.36265778541565,-1.3223528861999512,7
d7595bec-a1ec-4d4b-9752-7a83a18f1832,82.28682986504975,84.46594476699829,78.70913743972778,-5.756807327270508,7
978c4631-4338-452f-9648-2c7e3b334666,75.88650481331916,84.19029712677002,81.44409656524658,-2.7462005615234375,7
273e6c55-fece-43ca-b945-2d2d538a100d,88.91554373050374,83.79638195037842,78.154855966568,-5.641525983810425,7
1a54b20b-b674-496f-8a93-e21087c72b15,87.12530643457458,87.11027503013611,86.38573884963989,-0.7245361804962158,7
eaa37cae-1c74-408f-8bbf-0f0daba8a2bc,73.17308141362099,71.08091711997986,80.47932982444763,9.398412704467773,7
5903633e-0d4d-414e-8d9e-e44c7df997a4,88.4899855347439,79.44084405899048,84.98154878616333,5.540704727172852,7
c29c47b5-2ea9-4835-ad78-1305a35f6961,92.65307447529354,89.01404142379761,90.33841490745544,1.324373483657837,7
4b81e82e-6d99-41dd-8165-e2ca0aa5be1d,90.19383817378964,77.58882641792297,83.32703113555908,5.738204717636108,7
e62fef41-a2dd-4835-bfc7-9d7914f2b2f8,88.21874033393604,81.23917579650879,83.3344578742981,2.0952820777893066,7
c6545468-6c01-42f0-bcec-5de5df7294e4,88.18276409237157,82.11337327957153,83.72063636779785,1.6072630882263184,7
868b3c4b-1955-488d-ab1d-b3bc0252dee6,88.7270588427782,83.00753235816956,83.95119905471802,0.9436666965484619,7
56ba245a-8396-414d-ba96-98b6b7e60330,80.05266239245732,85.37469506263733,85.15978455543518,-0.21491050720214844,7
0992b8c5-5804-4472-8263-f4c90a16cb9e,85.1622044685341,81.04127049446106,80.39239048957825,-0.6488800048828125,7
3f58fa70-059f-4fe2-9bab-63552e87fbf6,85.15686862880275,84.45372581481934,80.71772456169128,-3.7360012531280518,7
2d930e16-124f-4319-a38c-af29c24838fc,89.40613526695718,77.64242887496948,81.80404901504517,4.161620140075684,7
782fc2e1-0fd1-4577-8015-08461a35e710,78.7331933421748,86.26089692115784,85.48775911331177,-0.7731378078460693,7
b89ffc78-83f9-4efa-b102-a24ba628aee0,82.90430391207337,84.83416438102722,83.6075484752655,-1.2266159057617188,7
fa726ce0-a63c-4acf-b2d5-90868d41f55b,85.41131690477154,78.85714769363403,80.08372187614441,1.226574182510376,7
1d4c273f-112a-4183-a521-5ff388fdd7a5,83.99998519813553,78.63267064094543,79.14912104606628,0.5164504051208496,7
c9891938-c871-4a41-b735-9bc138c3c2fa,84.63626715487668,80.46375513076782,79.61465716362,-0.8490979671478271,7
d85afbd4-29ba-4e25-aa24-7b73d5ecbdda,81.59136167239575,86.64835095405579,74.0107536315918,-12.63759732246399,7
b36ea873-c30b-4633-8d41-fe27f5ea3448,74.16759193653152,85.02297401428223,83.8897168636322,-1.1332571506500244,7
d6f8de37-bfd9-44eb-aee5-8e2e422b4fda,82.3778833750458,83.84663462638855,82.40427374839783,-1.4423608779907227,7
e0cf011b-1b78-460e-ad08-0fb81d2094a8,93.23390489444137,79.79117631912231,90.05078077316284,10.259604454040527,7
0641f3e5-f882-49aa-bf15-98128988a8e1,85.17468548601582,80.78330159187317,76.79573893547058,-3.987562656402588,7
83f3e0b1-13cc-4adb-b37a-4bd7833c0456,78.00646092565287,83.89431834220886,81.56443238258362,-2.329885959625244,7
999e292a-2626-4791-b722-1144d52a706e,91.95496315480254,87.21197247505188,86.46734356880188,-0.74462890625,7
769ca650-1d2d-4ab3-811b-88a94f5a0144,77.48300308982532,79.05203700065613,81.6976249217987,2.645587921142578,7
904171db-49d3-4295-999c-b2babe7fb9c7,77.01606699043796,75.52266120910645,74.32330250740051,-1.1993587017059326,7
35fb8dd0-54bd-4eeb-bfbe-f5abe66d729c,74.95577079909188,78.14931273460388,75.83193182945251,-2.317380905151367,7
4df3bfb6-671c-402e-bc2a-62269cff43bf,91.49911757336841,90.21946787834167,85.65982580184937,-4.55964207649231,7
89cc36f8-3eea-4a12-b1fa-ef56d8455a5c,73.17292984752427,73.12824130058289,80.71072101593018,7.58247971534729,7
670ec36a-74a6-4933-bd0e-572a3802acd2,85.72417168567578,81.8505048751831,80.73232769966125,-1.1181771755218506,7
b4ae65eb-7689-49be-92a9-55fe412f7aca,93.07495695317076,80.07839918136597,83.88851881027222,3.81011962890625,7
9fef54fe-5cf4-47d3-8b65-77205a5becb2,82.91800897568464,84.23605561256409,82.74829387664795,-1.4877617359161377,7
eeacb7ac-23df-4499-a48d-6c4387907516,87.88230795235862,81.28902912139893,77.64944434165955,-3.63958477973938,7
8c6ea3de-1067-4fa8-8980-6b3ca7176578,86.22369147127583,82.07255601882935,79.15328741073608,-2.9192686080932617,7
7188efca-fb2c-48f4-bf1e-f1ed1149f503,85.76215434420321,81.89381957054138,80.91008067131042,-0.983738899230957,7
88532a90-832c-46ca-9947-c0950b439142,85.62484717085248,79.49312329292297,83.53196978569031,4.038846492767334,7
45319447-a0f4-4579-889a-1076b5188784,83.89743007719517,81.48598670959473,86.90413236618042,5.418145656585693,7
dc8e2ecc-de78-4017-9793-71879b046ecb,89.71131496696866,84.60329174995422,86.54117584228516,1.9378840923309326,7
bdb3b663-5302-4000-ba1f-98965b33269d,92.13678436686418,82.1706771850586,82.94325470924377,0.7725775241851807,7
1ebfb88f-b88c-411b-a700-b0b6879d9c1e,77.82385164783115,75.37962794303894,77.22914814949036,1.849520206451416,7
f1d28ff1-e862-4950-bdc3-b23cddba447b,92.36947542743846,86.12346649169922,80.71670532226562,-5.406761169433594,7
6aedd8bf-86a8-4f55-8183-cfe31ec10f11,89.71743962028995,84.07261371612549,80.20138740539551,-3.8712263107299805,7
c958dc0e-1fab-4256-abe2-297054df6abe,84.61702126743538,82.53955841064453,76.83302760124207,-5.706530809402466,7
681c2d12-fae1-48d9-94e8-2c6fdd8c0e5f,86.99059897945041,84.13857817649841,89.30745720863342,5.16887903213501,7
d9f12266-c7b2-4fb1-b98b-5f76dc98fb82,75.94617014484746,83.39390754699707,81.98091387748718,-1.4129936695098877,7
d07aa5ee-9a18-4e03-b9c3-b0c74a30c769,89.82975231927065,78.01267504692078,83.8352918624878,5.822616815567017,7
120fccac-a0a3-41e2-8595-74a10eed07e8,81.03595737900052,76.49005055427551,88.2592499256134,11.76919937133789,7
32e4bba0-ee63-47c9-8d7e-8c77b58fde57,94.51573266913849,78.6373496055603,82.34735131263733,3.7100017070770264,7
faa608e3-7ace-4d14-8666-83d163737f9a,91.42484958948833,87.3320460319519,82.44109153747559,-4.890954494476318,7
68536fa4-5d72-495a-b48d-1531cf367bce,82.64626438419025,85.00261902809143,85.12139320373535,0.1187741756439209,7
d1c69735-dd44-42a5-b5a2-862ad4ee79b9,79.69367328499045,80.82665205001831,82.64564275741577,1.818990707397461,7
a097becd-ca7a-419c-b808-756990b1d367,86.75422440283,80.88757395744324,82.06556439399719,1.177990436553955,7
d9c02cda-013d-4b33-8f13-9ebdaa2ac326,89.45235505345322,86.32867932319641,86.810702085495,0.482022762298584,7
e5f193e4-e1b5-40af-8517-6838e1d5a5f7,79.05917934009007,84.16808843612671,80.79590797424316,-3.372180461883545,7
ce134539-adc6-4dc3-a185-da4499c706cb,78.85432411872205,84.1732919216156,85.821133852005,1.6478419303894043,7
72f800a7-1918-40f0-89ac-366eca9468b5,88.75919005478777,81.02647066116333,86.41625642776489,5.3897857666015625,7
214db6e4-7376-4b02-b526-4ee70be6ae52,91.11012710879247,85.2658748626709,85.2658748626709,0.0,7
ee99115a-0407-479c-aa7c-3b403b2a9412,86.93410383448715,83.79902839660645,84.7266674041748,0.9276390075683594,7
35ab2ac6-f484-4e9e-95cf-34432c2a4a46,85.31000213254066,81.94289207458496,86.2578272819519,4.314935207366943,7
5f0ea3d0-8add-4e23-a891-024d0c2775d0,88.49151197022626,87.59582042694092,87.59582042694092,0.0,7
b5d4fe32-3db2-4462-8ca5-0d52550ee09d,80.48533357325054,79.8079252243042,80.7831346988678,0.9752094745635986,7
b0d99316-7704-41ca-a9de-37527d8fae6d,88.73630826849313,81.47168159484863,86.13964915275574,4.6679675579071045,7
b486f64a-04dd-4360-a1ec-854eb380e302,81.27568514041957,81.0086190700531,78.01393866539001,-2.994680404663086,7
77fb945f-2b96-4b2d-9400-edd54e6f825c,71.14187095846448,83.32892060279846,87.78456449508667,4.455643892288208,7
4f1f6ef9-69df-47de-84ea-6be5eae7fc1d,76.16388244288308,84.26117897033691,79.54490184783936,-4.716277122497559,7
644479e6-1586-4311-a1c0-f1f68909be5e,81.96254968643188,78.04474830627441,86.71228289604187,8.667534589767456,7
d2031532-3e40-49b2-9e31-cf5308fdc88d,90.72054905811369,85.67489385604858,84.91864800453186,-0.7562458515167236,7
73bf93f2-fd8e-43af-8084-5d3d59747ef4,85.94519140841882,86.89177632331848,82.52665996551514,-4.365116357803345,7
93ea107b-c6f1-4ad9-a8c7-1d6d45cfb2f9,88.2228042886016,81.77851438522339,82.93982148170471,1.1613070964813232,7
160b38ba-0317-4eae-82ad-3eb4497d5bd8,89.37282963500668,88.1693184375763,81.54412508010864,-6.625193357467651,7
c95b3f95-32ab-4cff-ad6d-f7ba100c08c7,86.29549952401291,79.55111265182495,78.64937782287598,-0.9017348289489746,7
7144a4d3-6b6f-4474-ba66-3b28a1f8ecb0,82.58127257937477,81.51134252548218,83.10549855232239,1.59415602684021,7
22e18a7c-1609-417c-8933-0c62dea9d9b1,82.1663319000176,82.77433514595032,82.74906873703003,-0.025266408920288086,7
c34d7e76-63ac-4d83-b412-7d4d249d2263,76.54145040682384,87.24325299263,79.26915287971497,-7.974100112915039,7
30b072ce-09ca-4eec-81e6-2ce653486f71,93.36588580072636,80.16742467880249,80.63602447509766,0.468599796295166,7
72bf67cb-db0f-44f6-aa03-4b2a199a367b,86.39478876831986,81.03187084197998,86.38981580734253,5.357944965362549,7
007481c0-fbab-43a3-966e-aad029f2ff60,64.02591878459567,73.10784459114075,85.66194176673889,12.554097175598145,7
b6dc76ab-3e7b-4899-96fb-03663ebfe350,87.55253473562854,87.24398016929626,81.69735670089722,-5.546623468399048,7
4ae62f1a-da25-41f9-aa39-ebea0888d410,89.48787411763554,82.94984698295593,81.4237892627716,-1.5260577201843262,7
cd3ae88a-e596-49fd-be76-cf55871ebd93,88.18622468305486,88.79520893096924,86.71658635139465,-2.078622579574585,7
5b17aca1-ccce-4ba8-a386-06e82036044b,73.58072685698669,77.62903571128845,81.88178539276123,4.252749681472778,7
ce4fd78b-c7ea-4673-ab55-c9b5dd766e16,88.5109544376887,82.04925060272217,81.34163618087769,-0.7076144218444824,7
b596cf4a-07e5-494d-af96-06b857a15a27,77.42269750604117,77.29541063308716,75.34682154655457,-1.9485890865325928,7
ae7d6950-f984-4fa6-872a-ffc42bb64111,87.5193944245222,78.62517833709717,81.43364787101746,2.808469533920288,7
8b597b99-0cd6-441d-9e23-4dec88d4f7bd,75.48397481441498,78.53167653083801,84.08803343772888,5.556356906890869,7
3e5f6a07-68d3-4fdf-a0f6-e84d06e52da4,79.55554742366076,80.87968230247498,79.35589551925659,-1.5237867832183838,7
b5285c5c-1279-490d-86dc-6f65f9276289,76.44133926147506,83.96115303039551,81.5381109714508,-2.423042058944702,7
f6485de2-c15f-48ce-9b91-5c6ee0332bdc,90.2639110750031,84.58021283149719,84.79933142662048,0.21911859512329102,7
3aaa7bb9-c74f-4928-9e53-e44109070070,75.26619324371929,83.90930891036987,83.54620337486267,-0.36310553550720215,7
c4598ee2-5f01-4731-854f-6898f67b7d33,87.96720984960086,87.7034842967987,81.11034631729126,-6.593137979507446,7
b714c5a1-9c57-4142-9370-9f8afba14d43,79.96229009614105,84.54568982124329,80.01357316970825,-4.532116651535034,7
a742ee42-a8fa-4031-bf52-7e68531f485f,80.14276582925092,82.94438123703003,85.75302362442017,2.8086423873901367,7
82a2587c-4338-4d73-88c5-4bd2f75d594c,78.80687720718838,76.05267763137817,83.26598405838013,7.213306427001953,7
b7efca14-351f-46cd-acd7-4ae5508994c5,82.08553498344762,82.48190879821777,84.4802975654602,1.9983887672424316,7
8bc9d7ae-986b-4a94-9d99-15729aace188,80.8648056394997,84.82305407524109,74.14215803146362,-10.680896043777466,7
6479f91a-5863-444f-852f-74df91af16c2,71.3635725279649,72.7493941783905,85.15633344650269,12.406939268112183,7
e1c78d78-bed4-459b-a4c6-ab7d119fc36c,80.07080991353307,77.8113305568695,80.03354072570801,2.222210168838501,7
a52241a6-e17f-4cf8-b07c-8968ade2aed3,75.05978044299852,82.52142071723938,80.56317567825317,-1.958245038986206,7
06725c21-4f0d-4395-b570-5e564eaa20d9,79.03622772012439,86.40356659889221,86.65603399276733,0.25246739387512207,7
f5936a27-0b45-4fbd-9391-1b02079a196f,83.92445892095566,82.36779570579529,83.19963812828064,0.8318424224853516,7
164d9783-b5c9-461b-b085-7e13aabcfdf6,91.50752815462295,81.80480003356934,84.56239104270935,2.7575910091400146,7
327f0ec9-93bb-4ea2-8e77-d2bb543c5374,83.82557534745762,85.92997193336487,84.3665361404419,-1.5634357929229736,7
0a82be44-8a85-43c4-b2a7-5599d794e50f,89.60449709335253,81.77638053894043,80.39823174476624,-1.3781487941741943,7
daa3e810-8b07-4542-a153-65f418bc372e,86.06022720535596,83.96716117858887,79.71411347389221,-4.253047704696655,7
209073a3-c7bf-4f6a-a48a-718fb7b68cd9,91.9124493020631,84.60789918899536,92.03404188156128,7.426142692565918,7
3bb49892-97a4-41ca-88a0-9acdedb38896,82.44892456790521,85.77431440353394,83.52877497673035,-2.245539426803589,7
d7b1a90c-2a60-4e1a-a1b3-cad8daed8185,81.97529210952953,81.65367841720581,84.16606187820435,2.512383460998535,7
18e93ed5-f78e-4e69-ae7e-a60a9fad5f4c,72.86449983006432,81.98496699333191,68.18539500236511,-13.799571990966797,7
be60315d-6b47-48bb-a87c-36d4b680b858,76.64730641103927,80.9309720993042,74.44977760314941,-6.481194496154785,7
fbdf0f8e-05c2-405d-ba6c-210363f3a95b,83.2911841127844,80.66943287849426,88.0521297454834,7.382696866989136,7
880a7145-3072-4452-8dd7-5f7c3be52223,76.46514528564045,86.14792823791504,84.97468829154968,-1.1732399463653564,7
45a5ab69-9ba7-4277-a5c7-0b16cd495441,82.50518086410705,79.3036162853241,81.51254057884216,2.2089242935180664,7
f06c6c77-41fe-4c65-8ec8-9e1ca02127fa,92.13157726917416,84.47414636611938,89.70162272453308,5.227476358413696,7
59ac66d2-9987-4fda-99d7-c57076f801aa,82.2322127010141,80.99783658981323,81.91847801208496,0.9206414222717285,7
d67d4ef1-cd41-4627-b2dc-0df759bdcc32,83.36880554312042,85.92879176139832,85.64560413360596,-0.2831876277923584,7
6bf9fa3c-3e8a-4afe-9970-075a12b799df,78.55160193783897,88.20937275886536,82.25061297416687,-5.958759784698486,7
4aa00fd1-b8b6-4d7f-8c11-d4d6e1f23e5f,82.00864571900595,82.89921283721924,82.67399072647095,-0.22522211074829102,7
8bcf5d5e-77a9-423c-a14b-e2020760034a,89.08849860364128,80.70635199546814,79.7633945941925,-0.9429574012756348,7
8fbd850d-2e7c-4676-bc56-b48185174716,85.75685663769643,84.32198762893677,81.47680163383484,-2.8451859951019287,7
28fd8fe6-7261-4941-b55a-e3bda164a174,85.50986679536956,72.71267771720886,74.96839761734009,2.2557199001312256,7
f568cfea-3d40-4f77-a2ea-707b0bc3d3a8,85.78425067687584,75.91738700866699,75.87695717811584,-0.04042983055114746,7
fdab98a7-4f3c-491b-8d8c-2b66d046a6b8,68.87215489432926,79.36760783195496,82.02734589576721,2.659738063812256,7
ec7eb6b4-9121-4499-b7a7-a3e6c5c7478c,81.21585276510034,86.30329370498657,81.51904344558716,-4.784250259399414,7
973396cf-eb95-4a2f-ad92-87be84c406d5,80.22133427716437,82.50907063484192,81.69080018997192,-0.8182704448699951,7
fe275392-241f-4592-8073-8d8b7da86cf0,74.20724123006775,81.81498646736145,83.60555768013,1.7905712127685547,7
335297c5-c4b9-4288-90b3-c0112660dc91,82.78718698947202,78.3406674861908,83.10219049453735,4.761523008346558,7
618c9841-3cc8-46bf-9a24-9d0b642b0919,92.21140409686735,83.12714099884033,81.80954456329346,-1.317596435546875,7
67da54c3-09e6-4712-95cf-f997c3a71158,73.60455574733871,78.07069420814514,82.35116004943848,4.280465841293335,7
72267907-4b35-4c70-ae78-074a3ce24d2e,82.1575563733599,81.31238222122192,86.39935851097107,5.0869762897491455,7
dd10fe00-9d72-477a-9c01-2dde44c58958,81.73214976365368,86.42365336418152,73.67269992828369,-12.750953435897827,7
f7aa142a-f57a-4c92-8f1a-6957037babc6,77.3578263464428,80.42961955070496,79.95243072509766,-0.4771888256072998,7
3fbd26d8-38f1-41cf-a328-d8c63cf5582b,89.80491591085281,83.04150700569153,79.77176904678345,-3.269737958908081,7
3c0cc753-b072-4de7-ae3f-e9f4048ffdbd,89.42840426184591,86.03001832962036,78.76396179199219,-7.266056537628174,7
43a39b74-2154-441a-bc9e-6e88e9e03cbe,81.51354650478987,77.1632969379425,86.44551038742065,9.28221344947815,7
905b6a92-bc94-46b5-8d68-153b96c3a5f5,80.21956291936692,82.96376466751099,82.38131403923035,-0.5824506282806396,7
1c81ee7b-fabf-4699-bcfa-c2b717c74e1f,86.98555273003876,76.96231007575989,83.14507603645325,6.182765960693359,7
70c4479d-d93f-44f5-9d8b-3a1c5141925d,88.96651866158382,87.68094182014465,73.82284998893738,-13.858091831207275,7
71ffab3f-b6ba-437e-876a-3410075395be,74.61954025285584,82.94711112976074,77.40011811256409,-5.546993017196655,7
1cc31c2b-c3ce-4499-b9ad-060152991cdd,87.53867409014632,80.84809184074402,78.53636741638184,-2.3117244243621826,7
703bef9c-e6e3-45ee-a86e-05f77226bd53,78.45672253696691,86.91655993461609,77.71829962730408,-9.198260307312012,7
bd4c365e-5b70-47d7-b098-d31935f951e3,91.48158529285519,84.75966453552246,84.62902307510376,-0.13064146041870117,7
50bcac9c-4a4f-421d-b165-1182975f29f9,92.56075525301553,83.85394215583801,87.9936933517456,4.139751195907593,7
6bc7e9cf-c8ff-46b1-b6e2-ffe4f03c8c46,81.57128235768704,84.21686887741089,85.03741025924683,0.8205413818359375,7
f39d529a-8805-426d-9975-06ee297fd1bb,85.02226194278116,84.15360450744629,83.26566815376282,-0.8879363536834717,7
a6969bb1-996d-4e21-8f54-7423aa0416a2,89.59391118869895,88.11420202255249,85.8911395072937,-2.223062515258789,7
e469d038-f6d7-46ae-ac18-f77067a803e5,95.72255390008823,82.51994848251343,81.91810846328735,-0.6018400192260742,7
ff8603fa-72d9-42e9-ac88-a5ae4f749851,85.42058855916063,79.44177985191345,83.48447680473328,4.042696952819824,7
40c3ac80-9e3a-4a32-a226-694258f4fff5,85.84248886133234,81.68925046920776,81.93019032478333,0.24093985557556152,7
a169a40c-5499-4a46-bba5-b1739a381787,84.27967758228381,81.73235058784485,78.5010814666748,-3.231269121170044,7
2492a837-bf8a-49e5-aeee-13b07621bebe,93.53101317593385,80.4530918598175,78.56287360191345,-1.8902182579040527,7
cb93e8a5-5be1-403e-8d22-6afc73480798,88.78759677034049,80.54102659225464,84.61766242980957,4.076635837554932,7
23d7480e-a488-4b94-a10a-69adfa022a18,91.48989963744368,78.86402606964111,82.21286535263062,3.348839282989502,7
56439064-6cce-4df0-bbf1-0134dc803014,81.99075098548617,77.52771973609924,81.46920800209045,3.941488265991211,7
24b57a16-58a8-4c47-adc1-411e8e35379e,88.09075713867233,84.57239866256714,85.35547852516174,0.7830798625946045,7
9c93118b-9ac9-4e11-b191-84fe87af321b,91.011839774659,82.9816997051239,80.97423315048218,-2.0074665546417236,7
691a76ab-c51d-4524-a64f-fb5a2e43fb94,90.26131201202848,84.02870893478394,80.45254945755005,-3.5761594772338867,7
cb1061de-f77b-4f72-9dac-2395901f85df,85.46971391354289,79.38323020935059,79.95766997337341,0.5744397640228271,7
94d2a2f2-0d56-4b59-9a5d-ce56edbdfd84,94.11841116047331,82.36175775527954,82.36175775527954,0.0,7
9078eae0-0c8b-4acd-946c-337d359c9c42,87.37870262314875,79.7393798828125,83.09561610221863,3.356236219406128,7
2e779362-b0a2-4b04-bba4-ddaf60891b29,89.26016964195739,82.81886577606201,82.81886577606201,0.0,7
b5850a61-6140-42c4-b662-6a1a226a107f,89.5773535328252,73.31782579421997,76.58944725990295,3.2716214656829834,7
31c7c192-13fe-4eb4-8010-8ebd78aba2fa,94.96422736694859,84.41392183303833,79.60318326950073,-4.810738563537598,7
6bf4875b-c76a-4263-bef6-93134848d78a,79.9583309640487,80.1777184009552,81.0826063156128,0.9048879146575928,7
a20607a1-1f3f-43ed-a894-cf3fb876e155,92.57593459056113,80.7485282421112,86.75811290740967,6.009584665298462,7
bdccfb30-c112-4707-99cd-cc984b650a4a,92.84480117438804,88.58323693275452,81.5764844417572,-7.0067524909973145,7
7befb70b-7da3-4a6a-b6e3-17a9aecb089f,92.01088107102329,86.6523265838623,85.54991483688354,-1.1024117469787598,7
a913af23-31d1-4f6b-bd0f-8943dfc9eb6c,90.68845263904049,86.94095611572266,85.54176092147827,-1.3991951942443848,7
4cd25b03-f5fc-4088-ac42-f2063d5d8d32,79.85492401889393,77.56307721138,85.20023822784424,7.637161016464233,7
2f901f69-4258-418d-aa8c-2750ec2ee6d6,84.0754277782426,83.887380361557,80.65842986106873,-3.2289505004882812,7
7a920d39-5c3a-436d-a814-689fe4d69181,86.03286720989715,73.58253598213196,84.82678532600403,11.24424934387207,7
fe6ff1fd-b2ac-407d-b8b9-bf94c5ba362a,88.69573294096405,81.5985918045044,79.8833966255188,-1.7151951789855957,7
c2bffcd0-40a8-4a52-8fb6-6f1f15bc4188,92.07470813950447,83.46507549285889,77.91895866394043,-5.546116828918457,7
fa2ed9c3-a28d-4b6a-b05d-a0841d610dde,92.88331979131769,82.434743642807,71.55644297599792,-10.878300666809082,7
6e2a2e77-f252-40b0-b4be-ea17158f3f1d,83.25791725267966,84.15102362632751,88.29396367073059,4.142940044403076,7
bac321e1-2e12-4cb4-80d8-e2b940805033,90.03732157538512,85.80825328826904,84.54170227050781,-1.2665510177612305,7
c62afe68-7726-4d99-9797-64a313ce062b,93.55199358692732,79.64257597923279,79.3859601020813,-0.25661587715148926,7
bff93eaa-0e44-4a31-97d3-40f8d2aa49d5,88.25438666556563,74.92240071296692,75.97686052322388,1.054459810256958,7
c94bc9f5-d7bb-4ec5-ac3b-0716e73a7580,88.74073698229734,78.96366119384766,85.65768003463745,6.694018840789795,7
b2211873-eadc-4420-90a6-05352924e2a1,91.01412141961711,80.82392811775208,85.81633567810059,4.992407560348511,7
c777d908-cb28-49e4-8989-38b5a6a76d7e,94.74172240256199,83.56202244758606,85.05167365074158,1.4896512031555176,7
c0c40975-5418-4f09-8b25-02f383350683,88.06718154588626,82.1086585521698,84.18921232223511,2.0805537700653076,7
66461541-9c02-45ed-9d7d-fb03bf0e8c24,92.7630199653008,85.74896454811096,84.27640199661255,-1.472562551498413,7
cdd8cbc8-8c32-4440-917c-731e42c6a215,89.89240816417372,77.59043574333191,79.61649894714355,2.0260632038116455,7
ca8a09b7-b5b0-4f78-b318-35d6cf970ecc,73.1749883719853,85.74230670928955,84.00259613990784,-1.7397105693817139,7
c492b249-25a0-44ea-b547-e5be82e623b1,91.21853268394868,79.61781024932861,82.65365362167358,3.0358433723449707,7
0ebbfbe4-f576-47bf-8fe3-3265bcf7caf4,91.2164380330415,78.79260182380676,77.09043622016907,-1.7021656036376953,7
0d36f759-f403-4e06-ae16-15ca65fe40dd,87.7270114608109,82.0710837841034,81.30749464035034,-0.7635891437530518,7
e977004e-43a0-4466-ad9c-abb8f2b86fc2,86.78875456431082,77.60400176048279,80.3436815738678,2.7396798133850098,7
160fc14a-c8ff-4512-a12f-f0aabce8138d,89.85662794716302,82.00993537902832,82.2080135345459,0.19807815551757812,7
1fec59de-3f23-48b5-b378-423549829568,74.67500656133606,78.6112368106842,78.97489666938782,0.3636598587036133,7
a53f3309-4e21-4bdf-91b3-e541b34ab151,79.34978171473458,79.1612982749939,81.7743182182312,2.6130199432373047,7
cf0f1aa0-9ce1-4e24-b677-55fb453d7093,90.15627437959968,83.558189868927,85.32083630561829,1.7626464366912842,7
5b07a7a1-acb8-404d-bdcf-6f6410d3c184,91.28313103851508,87.9401683807373,80.54195642471313,-7.39821195602417,7
20b71d34-1c1d-4369-8928-8e6cd256ee65,91.26327420429637,82.5524628162384,74.4497537612915,-8.1027090549469,7
1f85090c-26d4-4df8-9bc4-02b8001c69f3,77.92136631906033,88.44521641731262,88.89973163604736,0.4545152187347412,7
ff46f60c-330e-4305-8589-031f261fb855,87.73664999753237,81.37741088867188,82.1110486984253,0.733637809753418,7
4c699296-0c69-41ca-86a1-9e86e71a11b7,85.06194186796036,85.8195960521698,83.45131874084473,-2.3682773113250732,7
b468b47b-b1ea-440c-b749-61a0298877e9,87.96364419339668,76.2478232383728,76.63180828094482,0.3839850425720215,7
cfa4966b-e12f-44f0-aa9b-59367789d372,92.65318610490621,82.38363862037659,77.13503837585449,-5.248600244522095,7
b33859a2-7859-4013-94b7-ff9524652c06,89.94600000691467,85.41441559791565,81.4509630203247,-3.9634525775909424,7
ab7bb6b3-d47d-4095-8df3-5f49ba9bb93c,79.84055234562783,80.94876408576965,82.34115839004517,1.3923943042755127,7
c7a836ed-380d-4456-934f-bf39cb301ecd,83.00991249935967,83.02391767501831,83.65086317062378,0.6269454956054688,7
12993bdb-3b47-4b06-8c46-b4b2b0989f32,85.06041613096993,85.1081132888794,83.84990692138672,-1.2582063674926758,7
66145da6-0117-4e54-9538-334aa8893c50,82.22433261218525,81.21280670166016,84.84783172607422,3.6350250244140625,7
27b87b8e-cd71-45ba-ae55-292d831a98ac,75.81934041920162,86.6162896156311,84.75174903869629,-1.8645405769348145,7
6e433182-be72-4281-8269-edc0e846810f,90.59554331525717,81.9367527961731,77.80850529670715,-4.128247499465942,7
da607e49-3f28-4cc9-a9e5-86c25185755b,79.8590251909835,89.95323181152344,86.9199275970459,-3.033304214477539,7
a7640398-d05f-4715-b359-c0d06096f20e,88.61410494206385,87.37130761146545,78.58052849769592,-8.790779113769531,7
c41937e1-388d-4777-9cd3-a91bcf935308,89.13490538973184,86.6428017616272,89.10027742385864,2.4574756622314453,7
ac6e7bda-20a9-4d02-9823-09a3ec5f87ac,76.37977206281253,84.86283421516418,77.58480906486511,-7.278025150299072,7
528bf11a-00b6-4bc6-bd95-4018272fae20,83.51006913664085,82.96617865562439,80.99421262741089,-1.971966028213501,7
61a623b0-942e-445d-b6c4-39c6e6729d96,90.20796724584042,79.8974871635437,84.48284864425659,4.585361480712891,7
d80e1ced-d640-4311-baac-ad17eed051bf,86.42374610395304,85.71414947509766,80.51934838294983,-5.194801092147827,7
b82c72d5-2a1d-488d-883d-f8cbd7b1fc5c,88.21332006759587,83.21992754936218,81.11962080001831,-2.100306749343872,7
2ce66213-f402-4d3b-b2da-b2fc2489f237,86.70762342933033,84.24544334411621,86.80073618888855,2.555292844772339,7
271732ba-8741-4fc9-bcce-76e826e2cfea,94.06275816394815,86.73664331436157,83.03888440132141,-3.697758913040161,7
b71c760e-a0af-40e1-ab6f-f47c91f8c397,96.10440284290928,87.27935552597046,76.99910402297974,-10.280251502990723,7
9ab6f6f6-7287-4985-b226-1f02cbf8abdb,88.34220967477276,84.62866544723511,76.54000520706177,-8.08866024017334,7
e2b5025e-e1d7-4374-99c8-9e6b4eba0746,77.7886613493874,78.50960493087769,82.0707619190216,3.561156988143921,7
3fb9456d-89a3-4dd5-8b32-6125293b3b4e,75.44994354248047,81.90593719482422,72.52371311187744,-9.382224082946777,7
bbb0e3b7-5a3c-4dd3-88c7-a7d12670851b,84.06614102423191,75.60903429985046,78.50368022918701,2.894645929336548,7
b334e74e-a205-4fdb-9272-c66e69119ed6,77.26865660931382,83.04800391197205,83.12906622886658,0.08106231689453125,7
093aaced-ecd7-414a-863a-3174ea440d67,93.06361658409948,84.41852331161499,77.05509662628174,-7.363426685333252,7
52d8d40b-6463-42b4-a325-8ec18181f259,81.4786600314879,81.71454668045044,80.41478395462036,-1.2997627258300781,7
ee515ae8-df2b-4326-a16a-d2e5914eaf0b,79.55207312479615,82.29644298553467,79.71546649932861,-2.5809764862060547,7
8370fefe-8ed3-46e9-abfc-97b58aea9573,87.48081533371338,82.96663165092468,82.2866141796112,-0.6800174713134766,7
84e9e5f9-6f44-4de7-998d-9faeb89530f8,92.41259736674172,85.6794536113739,82.74996876716614,-2.9294848442077637,7
8d1c6933-aa51-47c3-bb4e-79ef1198533f,84.68409821036316,82.16725587844849,82.24232196807861,0.07506608963012695,7
86cb06c9-fd32-44d5-b4a6-779b33917326,75.81936718363848,81.29371404647827,83.03267359733582,1.738959550857544,7
b311b94e-229b-465d-8968-918f3ea8d050,93.3138917688103,80.93361854553223,84.44215655326843,3.508538007736206,7
24e9b608-248c-41f0-a2cd-db1888e63f2a,90.58999509461934,82.90635347366333,78.22158336639404,-4.684770107269287,7
d4f2aa60-42df-45ff-9e1a-7936588352ed,87.03491047823003,78.74447703361511,87.87010908126831,9.125632047653198,7
c2b98106-f4cb-49be-a33a-01b9d74e87e6,78.22765943904717,77.65066027641296,83.67171287536621,6.021052598953247,7
7409bb12-3f2f-463d-a447-6d678ee19b8c,91.62985199973697,84.3957245349884,83.78068208694458,-0.6150424480438232,7
9c275d06-88dc-4af9-bf8c-0edeb9b3ff40,83.79715906589159,78.5143792629242,80.47927021980286,1.964890956878662,7
8c53f227-6746-4b70-8944-d726aea470f8,89.81472890646685,78.6361038684845,83.58491063117981,4.9488067626953125,7
25453b8d-87dc-4ada-8231-3fca2ffd3114,92.55108765016,86.88822388648987,86.88822388648987,0.0,7
728f7885-216f-4fa9-af8b-84857011b3c7,66.76762182088126,80.71622252464294,82.85430669784546,2.1380841732025146,7
974552d3-ac50-4791-8ff8-2389e22d2670,75.02057254314423,82.41183757781982,83.6695909500122,1.2577533721923828,7
6d162dd4-a0ea-463e-b186-3f583933d5b0,79.45944908119384,87.56296038627625,78.78967523574829,-8.773285150527954,7
676065cd-044d-4c40-96eb-4da7f886da6c,77.65787357375736,84.33229327201843,79.62573170661926,-4.70656156539917,7
2466a256-0a98-4770-9af1-678e1c9a6df0,87.4437059985385,81.07314109802246,83.10061693191528,2.0274758338928223,7
a7b32b03-70bb-43c5-a829-da4e73dd29ab,88.77948087950547,83.99290442466736,81.80989623069763,-2.1830081939697266,7
5f2c4743-cab7-4dac-8f4a-a2fbf5a14766,93.00174288717764,75.23106336593628,75.23106336593628,0.0,7
1424fbbb-3ba4-4470-8575-ca02c0985deb,87.52242432785265,82.13382959365845,81.86213970184326,-0.27168989181518555,7
c71c8e14-3ce3-4ed0-ad3a-d8a34f07aa97,92.96084286955495,82.37549066543579,85.03551483154297,2.6600241661071777,7
19a9e4ad-dae4-45f7-b204-1ef7bd4c1c87,70.8256708014579,80.61395287513733,82.5955867767334,1.9816339015960693,7
61621854-e88d-4118-be9a-0b46bc179134,86.81912095981673,85.39828062057495,84.58610773086548,-0.8121728897094727,7
86afdfd3-035f-46b2-92b2-bc98062f8808,85.8394164104192,90.23113250732422,86.05595827102661,-4.175174236297607,7
b1e64126-09fc-4597-a7c3-f53f734de663,95.76926124864258,90.59661030769348,81.91574811935425,-8.680862188339233,7
795eb28b-391c-4be1-ace0-215d17137735,93.86806900479964,79.4223427772522,79.3123722076416,-0.1099705696105957,7
e01bbdce-66b5-4aa0-a1f5-de8285c269d2,89.48458172076027,82.39007592201233,90.25079607963562,7.860720157623291,7
aaa793c0-0f01-4b07-88e5-e48cb1cf006e,81.90301049145914,82.23792314529419,76.76438093185425,-5.473542213439941,7
4951dd35-64eb-4954-b210-6877765925cc,72.84280012051265,79.92281913757324,75.3078043460846,-4.6150147914886475,7
75ef6a3c-bd85-40a3-ae45-28ac3589097b,70.9805599280766,80.38986921310425,85.99759340286255,5.607724189758301,7
291f7e78-f1b5-400c-8cf2-409e2be326ad,81.04405382736807,73.81997108459473,83.21152925491333,9.391558170318604,7
85cdd22f-8e04-4079-84d5-5f60d3fa8958,89.1469322898913,83.77623558044434,82.69906640052795,-1.0771691799163818,7
563830ea-3558-46bb-a7be-2ba8b7db83ee,86.4600155901696,87.48595714569092,87.20805644989014,-0.27790069580078125,7
087ede47-7744-4eed-b710-766bed93ab22,91.01416406088642,87.06727623939514,84.69492793083191,-2.3723483085632324,7
ee8ea08c-bb10-4dbd-89a5-7ae19445c6ac,94.55795438649754,78.71952056884766,80.96861839294434,2.2490978240966797,7
3d89e6e6-0b5a-46a9-8949-c6ee18e8cdaf,87.0576345954933,82.48414397239685,82.48414397239685,0.0,7
a313462f-79df-429d-a1bc-028122b36176,79.84475294748943,87.76347637176514,89.19939994812012,1.4359235763549805,7
cee806fb-9b64-45e8-9703-0862fb70808b,89.61512600958702,80.89429140090942,80.89429140090942,0.0,7
f2546d17-9f54-4940-9560-cba6e096bf46,79.14427864764419,83.14736485481262,83.20537805557251,0.058013200759887695,7
0d533a9a-2f0e-442c-bddd-15a7437a8d22,82.78256247174882,78.1766414642334,81.21317625045776,3.0365347862243652,7
179628ce-4350-427f-b6cc-574d1e6d67c6,69.98339657272611,88.11785578727722,85.4423999786377,-2.6754558086395264,7
92634020-5cc1-42c0-a38c-fc9c691d2bad,87.97806320335006,80.0551176071167,81.28754496574402,1.2324273586273193,7
f85575ba-2928-42d9-be92-d9b57227646e,88.49777659578692,83.17321538925171,83.17321538925171,0.0,7
79dbc2ba-a2b4-418b-846f-247a4c76019f,86.47998353643786,86.36956214904785,81.84777498245239,-4.521787166595459,7
23aaf67b-7eea-4979-ac9c-dfcacfb6a058,88.54386172301713,83.79800915718079,81.61336183547974,-2.18464732170105,7
dd142243-e19b-4bbd-b10c-e8e0cfa8c7ff,92.52532567119314,84.52374339103699,83.00728797912598,-1.5164554119110107,7
207c0d59-e1a5-41d6-a60f-df0ae7070acd,87.88385380591664,81.44143223762512,91.16441011428833,9.722977876663208,7
09068ba7-5ff4-40e9-a5d9-4a596a0e8e50,57.90787332114719,76.73537731170654,74.86782670021057,-1.8675506114959717,7
