user_id,fd_level,n_unique_words,spread
eb560e98-13f8-488c-bc0e-72f6d4b733e7,FD12,9,0.6809983157107631
eb560e98-13f8-488c-bc0e-72f6d4b733e7,FD14,9,0.6705730252409059
eb560e98-13f8-488c-bc0e-72f6d4b733e7,FD16,9,0.6861978998576868
adf8a551-e75e-42bc-8554-3569bbb06626,FD12,18,0.7121204503931566
adf8a551-e75e-42bc-8554-3569bbb06626,FD14,16,0.7181404956566722
adf8a551-e75e-42bc-8554-3569bbb06626,FD16,8,0.6013915879022907
28e363a1-974f-485f-bf5a-8a34e0836e70,FD12,7,0.7438057869812649
28e363a1-974f-485f-bf5a-8a34e0836e70,FD14,8,0.6681844699614241
28e363a1-974f-485f-bf5a-8a34e0836e70,FD16,7,0.7125350083959922
3e601fc9-d8b9-4574-98f7-6dd9a63961ad,FD12,7,0.7616776688236869
3e601fc9-d8b9-4574-98f7-6dd9a63961ad,FD14,7,0.759415382491376
3e601fc9-d8b9-4574-98f7-6dd9a63961ad,FD16,5,0.7029607694067161
aa9713b0-1744-43c3-a09f-352e6145db6f,FD14,5,0.5143081556335847
0b569a7d-7df7-4042-a40d-d2d51f0884a4,FD12,3,0.6455239711144454
d44451c9-9a06-469f-ac8b-7c7dee6ffdd8,FD12,5,0.6986106279894104
d44451c9-9a06-469f-ac8b-7c7dee6ffdd8,FD14,5,0.6603064823570599
d44451c9-9a06-469f-ac8b-7c7dee6ffdd8,FD16,7,0.625711742353888
6e109e36-9734-48f9-8b9f-cdabf8f3c591,FD12,4,0.7026289497601352
6e109e36-9734-48f9-8b9f-cdabf8f3c591,FD14,4,0.6891387443407623
6e109e36-9734-48f9-8b9f-cdabf8f3c591,FD16,7,0.7248557601218328
009c0d0e-20c0-4339-90f2-0bdf1fb761c6,FD12,4,0.7733416231739307
325294fe-20ab-495e-88a4-ed6a3d962352,FD12,10,0.6931343106357724
325294fe-20ab-495e-88a4-ed6a3d962352,FD14,6,0.7064390562820024
325294fe-20ab-495e-88a4-ed6a3d962352,FD16,8,0.6939792362012915
d3be03fb-6e86-4bc7-ad55-d851295d3674,FD12,7,0.7291592368139924
d3be03fb-6e86-4bc7-ad55-d851295d3674,FD14,7,0.6400879095412996
d3be03fb-6e86-4bc7-ad55-d851295d3674,FD16,7,0.6962674472079029
01965ade-fabe-430d-adba-2aa1d892d62d,FD12,4,0.7636956318917185
61cb5b4e-1154-46f6-b320-f2cf62acee7d,FD12,9,0.7527081686788697
61cb5b4e-1154-46f6-b320-f2cf62acee7d,FD14,10,0.7398063570567991
61cb5b4e-1154-46f6-b320-f2cf62acee7d,FD16,9,0.7413283694737018
c324a18d-49e5-41ef-a28c-8a8dfc25dcbe,FD12,4,0.6892796187386666
c324a18d-49e5-41ef-a28c-8a8dfc25dcbe,FD14,4,0.589124902695504
c324a18d-49e5-41ef-a28c-8a8dfc25dcbe,FD16,6,0.6245980453308715
e4edd839-0af9-4d09-910c-5f4dbfb7855e,FD12,28,0.7318197825320234
e4edd839-0af9-4d09-910c-5f4dbfb7855e,FD14,16,0.7265283834089169
e4edd839-0af9-4d09-910c-5f4dbfb7855e,FD16,20,0.7487875233039897
241357f4-905a-4128-8bf0-38521834992f,FD12,5,0.7393812904066912
241357f4-905a-4128-8bf0-38521834992f,FD14,7,0.6540003814874449
241357f4-905a-4128-8bf0-38521834992f,FD16,3,0.7007574563210827
071b2d14-ae65-4ad8-8422-7b9e677d1761,FD12,6,0.7214935698911561
071b2d14-ae65-4ad8-8422-7b9e677d1761,FD14,5,0.6462026425986036
278e529c-5293-4e98-85f4-80ae9f53a8f5,FD12,5,0.6568605603416768
278e529c-5293-4e98-85f4-80ae9f53a8f5,FD14,4,0.7573824054362099
278e529c-5293-4e98-85f4-80ae9f53a8f5,FD16,9,0.7029061055885997
71fdc3af-7633-4d44-ac8a-afc546f08a3b,FD14,3,0.7323629885169904
31f6ccbe-73fa-4477-b22e-cdfd6ce94218,FD12,10,0.709946328448442
31f6ccbe-73fa-4477-b22e-cdfd6ce94218,FD14,5,0.7175272876090102
31f6ccbe-73fa-4477-b22e-cdfd6ce94218,FD16,4,0.7537568594851713
d6c5d174-043b-4951-9900-f83ced01a757,FD12,9,0.7910282343603248
d6c5d174-043b-4951-9900-f83ced01a757,FD14,7,0.7387323048045913
d6c5d174-043b-4951-9900-f83ced01a757,FD16,9,0.84476655158842
f566a3aa-9cf5-4203-b6b8-062d50c4a672,FD12,4,0.734251628556444
f566a3aa-9cf5-4203-b6b8-062d50c4a672,FD16,5,0.6867742678623278
d933005c-2dab-4c3e-a553-6ac8abc18e1e,FD12,13,0.7305446340486622
d933005c-2dab-4c3e-a553-6ac8abc18e1e,FD14,11,0.7036150536700216
d933005c-2dab-4c3e-a553-6ac8abc18e1e,FD16,11,0.6980410206236732
577cea7f-0f05-48c3-905d-035de8ef4406,FD12,6,0.7007574563210827
577cea7f-0f05-48c3-905d-035de8ef4406,FD14,3,0.7069071383869359
577cea7f-0f05-48c3-905d-035de8ef4406,FD16,3,0.6198214042418391
f724fd21-bb9a-48ac-a196-b53b7a86ac59,FD12,5,0.6975124039240193
f724fd21-bb9a-48ac-a196-b53b7a86ac59,FD14,6,0.6738009849694714
f724fd21-bb9a-48ac-a196-b53b7a86ac59,FD16,5,0.778608103093922
f5f70b3e-3145-4a8d-bb6f-aab9bf6719cf,FD12,7,0.7631378621282814
f5f70b3e-3145-4a8d-bb6f-aab9bf6719cf,FD14,4,0.6091234041380165
f5f70b3e-3145-4a8d-bb6f-aab9bf6719cf,FD16,4,0.8061741335374126
e3212751-1560-4351-b10d-d28c5c4f164a,FD12,17,0.7118874077298729
e3212751-1560-4351-b10d-d28c5c4f164a,FD14,19,0.7216511917314432
e3212751-1560-4351-b10d-d28c5c4f164a,FD16,19,0.6574373412150505
630997cf-fe19-4be7-9641-9814c1b50579,FD12,9,0.7731349248506978
630997cf-fe19-4be7-9641-9814c1b50579,FD14,6,0.7645558644142447
630997cf-fe19-4be7-9641-9814c1b50579,FD16,7,0.7364148950099091
486f14cd-a570-43ae-bfb8-e283610b7c41,FD12,4,0.6458826992372592
486f14cd-a570-43ae-bfb8-e283610b7c41,FD14,3,0.5552835863780091
486f14cd-a570-43ae-bfb8-e283610b7c41,FD16,5,0.7103232624030023
1ea96648-fee1-42e4-aa27-a20e7944ce69,FD14,3,0.7007574563210827
1ea96648-fee1-42e4-aa27-a20e7944ce69,FD16,5,0.6984136628755522
d6d5f56f-a0e3-42de-afa5-402a98401709,FD12,38,0.7292351085551629
d6d5f56f-a0e3-42de-afa5-402a98401709,FD14,45,0.7204049079255437
d6d5f56f-a0e3-42de-afa5-402a98401709,FD16,48,0.7432491377660285
9f5c72d8-d50e-4087-b8a2-ff8135449bd8,FD12,14,0.6896630674451231
9f5c72d8-d50e-4087-b8a2-ff8135449bd8,FD14,15,0.6825427981923032
9f5c72d8-d50e-4087-b8a2-ff8135449bd8,FD16,20,0.6841413093491898
3c483d64-7e66-45c6-b493-ae06e0a07600,FD12,10,0.7377232177507314
3c483d64-7e66-45c6-b493-ae06e0a07600,FD14,8,0.7707485677412109
3c483d64-7e66-45c6-b493-ae06e0a07600,FD16,9,0.7141769943548776
edebb8ef-1d06-42b4-a8bf-18be9831acf6,FD12,6,0.7301595761864532
edebb8ef-1d06-42b4-a8bf-18be9831acf6,FD14,4,0.793854560979997
edebb8ef-1d06-42b4-a8bf-18be9831acf6,FD16,5,0.6566868009995663
750d59a8-0845-4b01-b414-d3d29b2ffc39,FD12,5,0.7582609420697951
750d59a8-0845-4b01-b414-d3d29b2ffc39,FD14,4,0.6868987419943937
f7b15403-a7f9-487f-8f86-4c45f6d40957,FD12,7,0.6860715012073422
f7b15403-a7f9-487f-8f86-4c45f6d40957,FD16,4,0.5311006035241491
88500b05-d503-4530-b455-fdb2ebf2f38c,FD12,10,0.7066464264023037
88500b05-d503-4530-b455-fdb2ebf2f38c,FD14,5,0.7137374416424855
88500b05-d503-4530-b455-fdb2ebf2f38c,FD16,4,0.8116155779036511
20b9f11f-6cde-40db-b25f-31569c7d3fb2,FD12,13,0.670792547396163
20b9f11f-6cde-40db-b25f-31569c7d3fb2,FD14,12,0.6613435175180107
20b9f11f-6cde-40db-b25f-31569c7d3fb2,FD16,10,0.6128057378368716
4678b63d-cbf6-427a-ac69-217cfadadb62,FD12,8,0.6416811400283796
4678b63d-cbf6-427a-ac69-217cfadadb62,FD14,7,0.7007574563210827
4678b63d-cbf6-427a-ac69-217cfadadb62,FD16,5,0.7463430537832939
dded534f-c1fb-481e-8fde-21e556fa3b36,FD12,12,0.7677003439973802
dded534f-c1fb-481e-8fde-21e556fa3b36,FD14,11,0.7771236138728178
dded534f-c1fb-481e-8fde-21e556fa3b36,FD16,19,0.7455297251500499
ed7be611-748e-4d48-ba60-1ff0f49668c7,FD12,9,0.7419074547098754
ed7be611-748e-4d48-ba60-1ff0f49668c7,FD14,10,0.7108873176337321
ed7be611-748e-4d48-ba60-1ff0f49668c7,FD16,10,0.7069790857804188
1ed9a23a-dbe0-48b7-b550-19e7151ea1fb,FD12,5,0.7024406515456615
1ed9a23a-dbe0-48b7-b550-19e7151ea1fb,FD14,3,0.7815782535272258
1ed9a23a-dbe0-48b7-b550-19e7151ea1fb,FD16,3,0.6680759879221925
9ecd3065-6e0d-44c5-929b-dc68e2c3b83e,FD12,9,0.7753015410603057
9ecd3065-6e0d-44c5-929b-dc68e2c3b83e,FD14,4,0.7001810649558464
83b10d70-6cb3-4e25-9706-0550cd5e5ff3,FD12,6,0.7129726374402869
83b10d70-6cb3-4e25-9706-0550cd5e5ff3,FD14,7,0.7559316724968992
83b10d70-6cb3-4e25-9706-0550cd5e5ff3,FD16,8,0.7124590888132198
e12e24ec-6d6c-4f70-9d79-156fd101945f,FD12,5,0.662214815890651
e12e24ec-6d6c-4f70-9d79-156fd101945f,FD14,5,0.6149563941831357
e12e24ec-6d6c-4f70-9d79-156fd101945f,FD16,3,0.6907270909790971
42ce8c82-2f48-4f6c-a135-e391813359d2,FD12,6,0.7560924601095511
42ce8c82-2f48-4f6c-a135-e391813359d2,FD14,3,0.727774633660089
42ce8c82-2f48-4f6c-a135-e391813359d2,FD16,5,0.7543198724505474
7562e7ad-db5c-4fa7-a6fa-2b47d08ff3a4,FD12,40,0.7107923469778701
7562e7ad-db5c-4fa7-a6fa-2b47d08ff3a4,FD14,40,0.738838470103848
7562e7ad-db5c-4fa7-a6fa-2b47d08ff3a4,FD16,32,0.6938439531700703
4232f7a3-388c-4d0f-8b8e-8f7a9a80edd4,FD14,3,0.7645825947109623
64a3b852-4d9b-4ce7-9104-c08d9c02d82a,FD12,15,0.7449178856727814
64a3b852-4d9b-4ce7-9104-c08d9c02d82a,FD14,21,0.7501622915494546
64a3b852-4d9b-4ce7-9104-c08d9c02d82a,FD16,27,0.7394004731975072
8bfeab6f-7db4-4403-a3f0-05e74f9e2d63,FD12,16,0.6791755203822138
8bfeab6f-7db4-4403-a3f0-05e74f9e2d63,FD14,15,0.7306038471486263
8bfeab6f-7db4-4403-a3f0-05e74f9e2d63,FD16,17,0.7312194159040577
8004cbff-0c95-4254-a296-cc07955ab290,FD12,12,0.7416814128991671
8004cbff-0c95-4254-a296-cc07955ab290,FD14,11,0.7096415236742097
8004cbff-0c95-4254-a296-cc07955ab290,FD16,8,0.7393019957723146
2226b9d0-3526-45c9-b102-74365b7546ab,FD12,31,0.7251665523450387
2226b9d0-3526-45c9-b102-74365b7546ab,FD14,30,0.7274561068624921
2226b9d0-3526-45c9-b102-74365b7546ab,FD16,31,0.7297324623294978
1fe3b4e3-e38b-42d2-b7a3-802830637736,FD12,9,0.7004920831690976
1fe3b4e3-e38b-42d2-b7a3-802830637736,FD14,7,0.6883478176066911
1fe3b4e3-e38b-42d2-b7a3-802830637736,FD16,5,0.6627327699315904
14bda0a9-64ad-4db3-b507-ad43170f645b,FD12,3,0.6623476573573968
14bda0a9-64ad-4db3-b507-ad43170f645b,FD14,3,0.6059389772317069
a61bbec2-3d2e-4ed5-aab2-007473c02c6a,FD12,42,0.7275816040283037
a61bbec2-3d2e-4ed5-aab2-007473c02c6a,FD14,43,0.7276017529034959
a61bbec2-3d2e-4ed5-aab2-007473c02c6a,FD16,39,0.7344422363734863
2cd64601-57a4-463d-b77e-dab65807ca0e,FD12,18,0.6908927288701417
2cd64601-57a4-463d-b77e-dab65807ca0e,FD14,16,0.6854920698465474
2cd64601-57a4-463d-b77e-dab65807ca0e,FD16,12,0.73908401457475
d7439127-ecc6-450e-bd40-1f6bd0888b22,FD12,7,0.7523254935746617
d7439127-ecc6-450e-bd40-1f6bd0888b22,FD14,4,0.7781043457678967
d7439127-ecc6-450e-bd40-1f6bd0888b22,FD16,3,0.714400076782691
27f8b5fc-c808-412b-af2a-da5ae9a08ca6,FD12,24,0.7806799130897117
27f8b5fc-c808-412b-af2a-da5ae9a08ca6,FD14,30,0.7487476285964771
27f8b5fc-c808-412b-af2a-da5ae9a08ca6,FD16,22,0.750986317002068
e8d271c2-2ae7-49b0-8d1b-5366d3981851,FD12,12,0.7117715690214039
e8d271c2-2ae7-49b0-8d1b-5366d3981851,FD14,15,0.7631080307446702
e8d271c2-2ae7-49b0-8d1b-5366d3981851,FD16,17,0.7633651478032348
5b7f788d-380b-4d24-8185-cd6b192d5eb3,FD12,37,0.7523875722032566
5b7f788d-380b-4d24-8185-cd6b192d5eb3,FD14,30,0.7382554848695242
5b7f788d-380b-4d24-8185-cd6b192d5eb3,FD16,31,0.7098763692225907
7181e613-aed3-4e6d-b2c5-d31fc4e55154,FD12,3,0.8347027186674635
b4cd9fbd-86d5-47f9-bffd-27f0a9c672ab,FD12,16,0.7312946898291363
b4cd9fbd-86d5-47f9-bffd-27f0a9c672ab,FD14,19,0.738494813653794
b4cd9fbd-86d5-47f9-bffd-27f0a9c672ab,FD16,10,0.7516567351493705
878ba42a-6752-4d01-9181-b7889438f9fd,FD12,9,0.6873393399645266
878ba42a-6752-4d01-9181-b7889438f9fd,FD14,12,0.7007699003358263
878ba42a-6752-4d01-9181-b7889438f9fd,FD16,8,0.6394542552596314
b3daaef7-efc7-4486-b397-7db6f51279ec,FD12,8,0.7265803283434847
b3daaef7-efc7-4486-b397-7db6f51279ec,FD14,6,0.6677971555697758
b3daaef7-efc7-4486-b397-7db6f51279ec,FD16,8,0.7420250128479294
4bc2f720-7ab4-46bb-b705-1502611d46e5,FD12,12,0.6944829264445647
4bc2f720-7ab4-46bb-b705-1502611d46e5,FD14,9,0.6867868121209656
4bc2f720-7ab4-46bb-b705-1502611d46e5,FD16,6,0.6936218292863237
c2ab72a1-bda4-4efa-9fbb-5d939d3d81fc,FD12,25,0.7129865791740511
c2ab72a1-bda4-4efa-9fbb-5d939d3d81fc,FD14,26,0.7288678645061393
c2ab72a1-bda4-4efa-9fbb-5d939d3d81fc,FD16,21,0.7283539447974348
f1e8fd0d-b2bf-4d15-af32-c19070c481c1,FD12,9,0.7351476836942155
f1e8fd0d-b2bf-4d15-af32-c19070c481c1,FD14,11,0.7360146669387372
f1e8fd0d-b2bf-4d15-af32-c19070c481c1,FD16,9,0.7255103214887506
54016aae-26d6-4b44-93d6-351c1c1e9ea3,FD12,39,0.7532571454262577
54016aae-26d6-4b44-93d6-351c1c1e9ea3,FD14,38,0.722162593761944
54016aae-26d6-4b44-93d6-351c1c1e9ea3,FD16,32,0.7581338736039003
12119ee9-a892-4773-8d11-72fc7b49e611,FD12,15,0.7171248200449225
12119ee9-a892-4773-8d11-72fc7b49e611,FD14,12,0.7680403295522473
12119ee9-a892-4773-8d11-72fc7b49e611,FD16,7,0.7209397408308168
3945e65e-936f-4c70-9cea-ace033e56e0b,FD12,13,0.7892639920516652
3945e65e-936f-4c70-9cea-ace033e56e0b,FD14,13,0.7500512944624989
3945e65e-936f-4c70-9cea-ace033e56e0b,FD16,11,0.6947659118796063
04cff3d7-f76e-42bc-9960-042cdb2e8a46,FD14,3,0.6672862202510874
9f95f700-a557-42e5-ac2c-1737024c4c71,FD12,49,0.7687053834158133
9f95f700-a557-42e5-ac2c-1737024c4c71,FD14,40,0.7502898789577688
9f95f700-a557-42e5-ac2c-1737024c4c71,FD16,50,0.7766401395192395
107a8885-7d6f-401b-b6fe-9d00ae39cc80,FD12,15,0.7419004323090603
107a8885-7d6f-401b-b6fe-9d00ae39cc80,FD14,13,0.7692976230914121
107a8885-7d6f-401b-b6fe-9d00ae39cc80,FD16,14,0.7586039365511835
ec2295fa-2964-4521-a588-c1c11986ec25,FD12,13,0.6692522101416378
ec2295fa-2964-4521-a588-c1c11986ec25,FD14,8,0.7186098966106947
ec2295fa-2964-4521-a588-c1c11986ec25,FD16,9,0.7075983644233145
6a029802-fc2f-4599-92b2-10d39269025f,FD12,9,0.686727518210717
6a029802-fc2f-4599-92b2-10d39269025f,FD14,9,0.7552870298165254
6a029802-fc2f-4599-92b2-10d39269025f,FD16,9,0.7122406550979952
c61fa9cc-eb65-427f-a3cd-3f34d8981ec2,FD12,3,0.849164997008083
c61fa9cc-eb65-427f-a3cd-3f34d8981ec2,FD14,11,0.7056452627782
c61fa9cc-eb65-427f-a3cd-3f34d8981ec2,FD16,6,0.6542072571781473
e3221fc1-2d2b-4fbf-b4e7-2d6b43d81b78,FD12,26,0.7334729132122266
e3221fc1-2d2b-4fbf-b4e7-2d6b43d81b78,FD14,18,0.7141670410934787
e3221fc1-2d2b-4fbf-b4e7-2d6b43d81b78,FD16,15,0.6750173993264065
1d90ff54-7cb1-4a8e-875f-2754f848788f,FD12,8,0.6678013379322176
1d90ff54-7cb1-4a8e-875f-2754f848788f,FD14,6,0.7141664388814353
1d90ff54-7cb1-4a8e-875f-2754f848788f,FD16,7,0.7425083521902399
e60bfdc9-f075-4f7c-8fef-6ec99c9b00a5,FD12,13,0.7169094266604515
e60bfdc9-f075-4f7c-8fef-6ec99c9b00a5,FD14,13,0.6564990337435836
e60bfdc9-f075-4f7c-8fef-6ec99c9b00a5,FD16,8,0.6940456441259533
c2eee908-0a66-43dc-9502-a2507e495997,FD12,5,0.6016653586451894
c2eee908-0a66-43dc-9502-a2507e495997,FD16,5,0.6400919595250616
25498aa4-2ecb-4fae-9ae7-1748d6abad6e,FD12,11,0.7427717192073983
25498aa4-2ecb-4fae-9ae7-1748d6abad6e,FD14,10,0.718007335094399
25498aa4-2ecb-4fae-9ae7-1748d6abad6e,FD16,10,0.6513786919970364
014f39ee-300f-483e-bba7-1a85e1c3be9c,FD12,10,0.7213723699712808
014f39ee-300f-483e-bba7-1a85e1c3be9c,FD14,9,0.7711698062780776
014f39ee-300f-483e-bba7-1a85e1c3be9c,FD16,9,0.676730678247951
15f57e22-b9f3-4f71-977b-ae6d997cb183,FD12,28,0.6942379922415367
15f57e22-b9f3-4f71-977b-ae6d997cb183,FD14,30,0.7197476996581069
15f57e22-b9f3-4f71-977b-ae6d997cb183,FD16,21,0.689641701508192
1ebd1801-8ecd-4fba-aeee-e094e560ecbb,FD12,5,0.728097712128227
1ebd1801-8ecd-4fba-aeee-e094e560ecbb,FD14,4,0.6117167270379386
1ebd1801-8ecd-4fba-aeee-e094e560ecbb,FD16,3,0.563328582053615
62377def-d8eb-41ac-89ec-695508dc6da6,FD12,5,0.6806550091113743
62377def-d8eb-41ac-89ec-695508dc6da6,FD14,9,0.7304850840537989
62377def-d8eb-41ac-89ec-695508dc6da6,FD16,8,0.643901940395355
62e62271-f365-4361-8fd6-4d6c98971d40,FD12,45,0.7457710239364089
62e62271-f365-4361-8fd6-4d6c98971d40,FD14,48,0.7299060052671218
62e62271-f365-4361-8fd6-4d6c98971d40,FD16,48,0.7413550482715976
2f6970a0-9339-48de-8deb-5b64f43603a7,FD12,21,0.7454543280035557
2f6970a0-9339-48de-8deb-5b64f43603a7,FD14,16,0.7249423470288738
2f6970a0-9339-48de-8deb-5b64f43603a7,FD16,16,0.7593236249517651
f9a42e20-60b2-4e5b-b9b5-e097e6b0742a,FD12,8,0.7462558756156028
f9a42e20-60b2-4e5b-b9b5-e097e6b0742a,FD14,8,0.697159432865594
f9a42e20-60b2-4e5b-b9b5-e097e6b0742a,FD16,10,0.7823617086030235
2193a71d-de6d-47bf-8533-014ccbd2f5c6,FD12,11,0.7252773388361615
2193a71d-de6d-47bf-8533-014ccbd2f5c6,FD14,9,0.7176843039355716
2193a71d-de6d-47bf-8533-014ccbd2f5c6,FD16,13,0.7696039552180882
5e3a2c8b-9174-48ae-9fd1-723f66305213,FD12,22,0.7437586552160305
5e3a2c8b-9174-48ae-9fd1-723f66305213,FD14,26,0.714123947019432
5e3a2c8b-9174-48ae-9fd1-723f66305213,FD16,25,0.7153847021222
e407eb4e-6846-4cf5-97da-fbe6c4443962,FD12,14,0.7595023113589783
e407eb4e-6846-4cf5-97da-fbe6c4443962,FD14,8,0.6879164199870335
e407eb4e-6846-4cf5-97da-fbe6c4443962,FD16,8,0.7104897578545091
297e893e-9eda-4b1e-a429-3b3d666c1a2b,FD12,5,0.8022334157136057
297e893e-9eda-4b1e-a429-3b3d666c1a2b,FD14,6,0.8130221688783378
297e893e-9eda-4b1e-a429-3b3d666c1a2b,FD16,5,0.7395007870900843
25cdb6d5-9315-41bd-91e7-14d46c4102e7,FD12,6,0.7216195240227266
25cdb6d5-9315-41bd-91e7-14d46c4102e7,FD14,4,0.7200165744923054
25cdb6d5-9315-41bd-91e7-14d46c4102e7,FD16,8,0.7377403171786043
d7923ff7-6c09-4f9a-9ef9-b15aed33c4a8,FD12,3,0.7094488387935565
d7923ff7-6c09-4f9a-9ef9-b15aed33c4a8,FD14,4,0.6877131087101749
d7923ff7-6c09-4f9a-9ef9-b15aed33c4a8,FD16,3,0.6546707348805321
481a6e7d-3317-49fb-8ca5-d42fc779e770,FD12,10,0.7129515549844039
481a6e7d-3317-49fb-8ca5-d42fc779e770,FD14,7,0.6657974810474634
481a6e7d-3317-49fb-8ca5-d42fc779e770,FD16,8,0.6581697779619672
61b14ace-f671-486f-a32a-6fcdd910d6a9,FD12,19,0.6979028117279711
61b14ace-f671-486f-a32a-6fcdd910d6a9,FD14,27,0.7344681328929535
61b14ace-f671-486f-a32a-6fcdd910d6a9,FD16,11,0.7100549908518983
24307a75-4128-44d7-85db-22e63b31c34c,FD12,19,0.7136537405676381
24307a75-4128-44d7-85db-22e63b31c34c,FD14,14,0.7213301967750764
24307a75-4128-44d7-85db-22e63b31c34c,FD16,11,0.7151353884157534
5cc6d890-977e-48ee-b355-3bba937feca5,FD12,9,0.7695862606476815
5cc6d890-977e-48ee-b355-3bba937feca5,FD14,12,0.7250859980432236
5cc6d890-977e-48ee-b355-3bba937feca5,FD16,13,0.72489694893344
4f123d9a-a551-4c77-92fa-7f11f52d1b99,FD12,7,0.7301326088006335
4f123d9a-a551-4c77-92fa-7f11f52d1b99,FD14,6,0.7129910878235827
4f123d9a-a551-4c77-92fa-7f11f52d1b99,FD16,5,0.7652406474657968
581f6998-cfa9-45bf-bb99-ba21d1a1635f,FD12,5,0.7670793680416034
581f6998-cfa9-45bf-bb99-ba21d1a1635f,FD14,8,0.7381820746893931
581f6998-cfa9-45bf-bb99-ba21d1a1635f,FD16,3,0.6936285036856864
2f01cd9e-7334-4eaf-ab95-be7cfafbbec5,FD12,23,0.7341672523329106
2f01cd9e-7334-4eaf-ab95-be7cfafbbec5,FD14,15,0.7558907888139255
2f01cd9e-7334-4eaf-ab95-be7cfafbbec5,FD16,18,0.7451906137602224
825a3000-bd59-483b-8288-5e8153b17e64,FD12,12,0.7143027495022971
825a3000-bd59-483b-8288-5e8153b17e64,FD14,12,0.6706597566565294
825a3000-bd59-483b-8288-5e8153b17e64,FD16,8,0.7405879572530575
72ba06fa-500c-4be5-a10f-92069419cc42,FD12,10,0.7215569667882457
72ba06fa-500c-4be5-a10f-92069419cc42,FD14,4,0.7873069003259824
72ba06fa-500c-4be5-a10f-92069419cc42,FD16,5,0.5945750543867947
a999e207-447b-4b61-aaa1-fd37ac35f355,FD12,12,0.6897804252081083
a999e207-447b-4b61-aaa1-fd37ac35f355,FD14,12,0.7032917540609764
a999e207-447b-4b61-aaa1-fd37ac35f355,FD16,10,0.6700411314622423
0bd979b0-1ab5-41e5-b665-94c7a9740a24,FD12,4,0.5425459245628458
0bd979b0-1ab5-41e5-b665-94c7a9740a24,FD14,4,0.5994389905222373
0bd979b0-1ab5-41e5-b665-94c7a9740a24,FD16,5,0.6488391480525619
04bc5473-f93b-4f6d-ac21-71d57a5ae025,FD12,5,0.6411254159218414
04bc5473-f93b-4f6d-ac21-71d57a5ae025,FD14,8,0.7229971662859598
04bc5473-f93b-4f6d-ac21-71d57a5ae025,FD16,6,0.7118606118825124
cb9d61bd-f3e0-4b18-8a98-e18c6998236e,FD12,8,0.7118556972939909
cb9d61bd-f3e0-4b18-8a98-e18c6998236e,FD14,8,0.7166989126000087
cb9d61bd-f3e0-4b18-8a98-e18c6998236e,FD16,10,0.7049066713992661
41d403e9-68a1-4ec7-9e48-145e74ee5efc,FD12,24,0.7119721442761324
41d403e9-68a1-4ec7-9e48-145e74ee5efc,FD14,26,0.708829693504512
41d403e9-68a1-4ec7-9e48-145e74ee5efc,FD16,17,0.6881985276961272
579397f0-cb99-43da-990c-ade1095970f9,FD12,22,0.7440050733190751
579397f0-cb99-43da-990c-ade1095970f9,FD14,21,0.7382918693118004
579397f0-cb99-43da-990c-ade1095970f9,FD16,21,0.7488575889946361
d4b6612c-5e65-4bef-a131-043caef02a4d,FD12,11,0.6924487764614968
d4b6612c-5e65-4bef-a131-043caef02a4d,FD14,10,0.7752945977967395
d4b6612c-5e65-4bef-a131-043caef02a4d,FD16,8,0.661492312444402
3bd6693a-a0ad-41ca-9688-c13205a2da0d,FD12,22,0.6880816160398554
3bd6693a-a0ad-41ca-9688-c13205a2da0d,FD14,20,0.7171725759483913
3bd6693a-a0ad-41ca-9688-c13205a2da0d,FD16,19,0.6933220259397561
4003bd35-97bd-4d1b-8a70-66790e6211b0,FD14,6,0.6808359476275836
24d29274-9dc6-4b00-90f3-5f781df1249e,FD12,14,0.7285249334870466
24d29274-9dc6-4b00-90f3-5f781df1249e,FD14,19,0.7241694698147099
24d29274-9dc6-4b00-90f3-5f781df1249e,FD16,15,0.7764006250456863
192c9731-1f6c-4e2a-b84f-2b9be0e937b0,FD12,9,0.706411494009966
192c9731-1f6c-4e2a-b84f-2b9be0e937b0,FD14,11,0.7171653551961488
192c9731-1f6c-4e2a-b84f-2b9be0e937b0,FD16,17,0.6900285188102084
8a31250a-c12b-485e-b0b5-e346b8267657,FD12,11,0.7389326486679759
8a31250a-c12b-485e-b0b5-e346b8267657,FD14,12,0.6800474891552589
8a31250a-c12b-485e-b0b5-e346b8267657,FD16,13,0.6929462799927001
cead5caa-293e-4441-8cf8-a7efdc6fda14,FD12,40,0.7430020572078084
cead5caa-293e-4441-8cf8-a7efdc6fda14,FD14,46,0.7431179715801682
cead5caa-293e-4441-8cf8-a7efdc6fda14,FD16,41,0.7491127302629181
254e92d3-6124-402c-a8d5-5bc91d70eeb1,FD12,10,0.6910139576398171
254e92d3-6124-402c-a8d5-5bc91d70eeb1,FD14,11,0.7177151710653077
254e92d3-6124-402c-a8d5-5bc91d70eeb1,FD16,12,0.7603475771775885
177624e0-305b-43ee-8be4-854bbb08a532,FD12,26,0.6970432264697777
177624e0-305b-43ee-8be4-854bbb08a532,FD14,22,0.6919210827964846
177624e0-305b-43ee-8be4-854bbb08a532,FD16,28,0.6930601884894982
ff952f5b-a7a9-458e-b8cd-e338e6e14d34,FD12,7,0.6444377801507752
ff952f5b-a7a9-458e-b8cd-e338e6e14d34,FD14,7,0.6947335593728083
ff952f5b-a7a9-458e-b8cd-e338e6e14d34,FD16,4,0.6356826492378831
d1196e7e-54d4-46ba-927f-6b7d64ce9813,FD12,17,0.7053625257209951
d1196e7e-54d4-46ba-927f-6b7d64ce9813,FD14,17,0.7116828918953535
d1196e7e-54d4-46ba-927f-6b7d64ce9813,FD16,11,0.7304763118461403
dd260863-f8df-4609-8c5a-c4ab58161f09,FD12,13,0.7024271735786835
dd260863-f8df-4609-8c5a-c4ab58161f09,FD14,10,0.7005251474417327
dd260863-f8df-4609-8c5a-c4ab58161f09,FD16,8,0.6710970909129896
20c6cd17-5844-490f-be43-faa927dcabd2,FD14,3,0.6775369512506686
20c6cd17-5844-490f-be43-faa927dcabd2,FD16,3,0.6145653726062463
de86c307-30ef-4730-a422-8308665cd811,FD12,9,0.7550450582653159
de86c307-30ef-4730-a422-8308665cd811,FD14,10,0.7063809527428584
de86c307-30ef-4730-a422-8308665cd811,FD16,10,0.6823227126089964
116f8ad4-09b1-46ed-ae04-2f92388a68c0,FD12,8,0.7179608676421065
116f8ad4-09b1-46ed-ae04-2f92388a68c0,FD14,9,0.7497627846807033
116f8ad4-09b1-46ed-ae04-2f92388a68c0,FD16,7,0.7320034529177158
328a4355-cfe3-47ad-af53-a15aabd91aae,FD12,11,0.7333249180874419
328a4355-cfe3-47ad-af53-a15aabd91aae,FD14,9,0.7010546605627597
328a4355-cfe3-47ad-af53-a15aabd91aae,FD16,6,0.7228841428594773
37a9da9f-4c24-4a97-ac38-bdd24ba75100,FD12,11,0.7197257083043379
37a9da9f-4c24-4a97-ac38-bdd24ba75100,FD14,4,0.738463575593129
37a9da9f-4c24-4a97-ac38-bdd24ba75100,FD16,4,0.544014272079192
57d709ae-35a2-4f1a-844f-05f0f7564071,FD12,4,0.6989146795769825
57d709ae-35a2-4f1a-844f-05f0f7564071,FD14,5,0.72548682171616
57d709ae-35a2-4f1a-844f-05f0f7564071,FD16,6,0.7039897268422501
15104cb9-4936-412e-af16-db35a736fe14,FD12,17,0.6941974630198505
15104cb9-4936-412e-af16-db35a736fe14,FD14,21,0.7119425969951998
15104cb9-4936-412e-af16-db35a736fe14,FD16,15,0.6759035463244515
82563699-feae-4806-8ca3-59105b78430d,FD12,15,0.7393681346185814
82563699-feae-4806-8ca3-59105b78430d,FD14,9,0.7209392343899854
82563699-feae-4806-8ca3-59105b78430d,FD16,5,0.7478287484969228
c13d6f93-7319-46bf-8613-9e9a2a810efb,FD12,19,0.7536625372642707
c13d6f93-7319-46bf-8613-9e9a2a810efb,FD14,19,0.7106356255041082
c13d6f93-7319-46bf-8613-9e9a2a810efb,FD16,13,0.7293619943898909
afe55948-cb93-45d5-b020-637c3aefb231,FD12,25,0.7450378727287428
afe55948-cb93-45d5-b020-637c3aefb231,FD14,19,0.7391615411244177
afe55948-cb93-45d5-b020-637c3aefb231,FD16,14,0.6989164375250706
72d7f301-6483-48f4-86a4-202a9b8b2191,FD12,33,0.7289464915370156
72d7f301-6483-48f4-86a4-202a9b8b2191,FD14,14,0.7400342509782261
72d7f301-6483-48f4-86a4-202a9b8b2191,FD16,20,0.7320278109338669
9661826a-0dea-4aab-8ef9-bf23ff8b2243,FD12,14,0.7166347136002844
9661826a-0dea-4aab-8ef9-bf23ff8b2243,FD14,14,0.6861055046322251
9661826a-0dea-4aab-8ef9-bf23ff8b2243,FD16,13,0.6794494020940813
7a3b5fed-02cf-4ca4-ad9b-b822e2516695,FD12,44,0.7203100867469393
7a3b5fed-02cf-4ca4-ad9b-b822e2516695,FD14,33,0.7507100101433741
7a3b5fed-02cf-4ca4-ad9b-b822e2516695,FD16,32,0.7169090783766621
4b8cd025-67ac-48f0-97f3-ea52499474d8,FD12,5,0.6175579929092586
4b8cd025-67ac-48f0-97f3-ea52499474d8,FD14,10,0.6930909493496262
4b8cd025-67ac-48f0-97f3-ea52499474d8,FD16,6,0.6145653726062463
2ed2f192-d5cc-4c22-8a4e-7a5366b1f785,FD12,13,0.7242863260712118
2ed2f192-d5cc-4c22-8a4e-7a5366b1f785,FD14,15,0.72262038822411
2ed2f192-d5cc-4c22-8a4e-7a5366b1f785,FD16,12,0.7419294226806549
8bce673d-4934-4b2a-ad42-a8af9368ff95,FD12,3,0.7390958809339836
8bce673d-4934-4b2a-ad42-a8af9368ff95,FD14,3,0.6403108659781617
aa979b9d-4c26-43a8-a31d-099ed65b8f5a,FD12,16,0.6942069765681964
aa979b9d-4c26-43a8-a31d-099ed65b8f5a,FD14,19,0.6991017964137071
aa979b9d-4c26-43a8-a31d-099ed65b8f5a,FD16,20,0.7092784991226614
b86d5364-6ae3-4284-8b27-9d1be596ac68,FD12,7,0.6902993273422445
b86d5364-6ae3-4284-8b27-9d1be596ac68,FD14,8,0.6733044680672623
b86d5364-6ae3-4284-8b27-9d1be596ac68,FD16,8,0.6755759874977121
aae04b64-8076-4c92-822b-7a38bb72c2ff,FD12,8,0.6524507787208138
aae04b64-8076-4c92-822b-7a38bb72c2ff,FD14,7,0.5832383399756144
aae04b64-8076-4c92-822b-7a38bb72c2ff,FD16,8,0.6903242382028967
34e076e7-9437-4aa2-bca8-aee47a42145e,FD12,14,0.6636483830779527
34e076e7-9437-4aa2-bca8-aee47a42145e,FD14,16,0.6713842626974684
34e076e7-9437-4aa2-bca8-aee47a42145e,FD16,9,0.6531018345403571
284d87e0-5f28-4c53-bd40-47b35c6238a7,FD12,6,0.7422293750472035
284d87e0-5f28-4c53-bd40-47b35c6238a7,FD14,5,0.7327168691569333
284d87e0-5f28-4c53-bd40-47b35c6238a7,FD16,3,0.5641787859147113
21bf97e2-7ab4-45f2-9d8b-7c787fff3448,FD12,16,0.6860986635467508
21bf97e2-7ab4-45f2-9d8b-7c787fff3448,FD14,20,0.7203463732445663
21bf97e2-7ab4-45f2-9d8b-7c787fff3448,FD16,14,0.7104276617659129
9c4d218a-0e7b-45b5-a465-9e8358505382,FD12,7,0.7590298710790246
9c4d218a-0e7b-45b5-a465-9e8358505382,FD14,9,0.743942968211149
9c4d218a-0e7b-45b5-a465-9e8358505382,FD16,8,0.7468880015310073
0faa0d49-2ab4-4460-ac15-def114b0d682,FD12,11,0.6809486347540564
0faa0d49-2ab4-4460-ac15-def114b0d682,FD14,15,0.6501634304332657
0faa0d49-2ab4-4460-ac15-def114b0d682,FD16,17,0.6617287839134152
cf1b6250-ed6e-4f37-b158-d80693ec974a,FD12,6,0.7589108737719416
cf1b6250-ed6e-4f37-b158-d80693ec974a,FD14,9,0.6664551704981121
cf1b6250-ed6e-4f37-b158-d80693ec974a,FD16,8,0.6328482838383339
9b4d71b5-8c07-40c2-970b-6d485f28fefe,FD12,16,0.7076723364492651
9b4d71b5-8c07-40c2-970b-6d485f28fefe,FD14,19,0.7014480264326945
9b4d71b5-8c07-40c2-970b-6d485f28fefe,FD16,18,0.690713596215442
35aca71d-e1cf-475a-a2e3-0ddd1ff06c0e,FD12,26,0.7187369628164745
35aca71d-e1cf-475a-a2e3-0ddd1ff06c0e,FD14,32,0.7396391791230272
35aca71d-e1cf-475a-a2e3-0ddd1ff06c0e,FD16,32,0.7338406451045613
18f243ae-6413-4899-a234-a8c77a113718,FD12,3,0.6950635684223297
18f243ae-6413-4899-a234-a8c77a113718,FD14,5,0.6548571246008019
18f243ae-6413-4899-a234-a8c77a113718,FD16,6,0.7070984063576278
73910454-873a-405c-9249-cba490a620c6,FD12,18,0.7250210239489993
73910454-873a-405c-9249-cba490a620c6,FD14,21,0.7496348202225624
73910454-873a-405c-9249-cba490a620c6,FD16,23,0.7343919495753949
7bfbcf21-a5ee-4f22-a443-ca07db7a527e,FD12,7,0.647523055514118
39ee9838-75fa-4e33-b6bf-1c07daa10033,FD12,13,0.7598894635072673
39ee9838-75fa-4e33-b6bf-1c07daa10033,FD14,11,0.7674192924787031
39ee9838-75fa-4e33-b6bf-1c07daa10033,FD16,13,0.7298176508630357
90eae7cc-badd-4bc1-b326-45ec6ba96fbd,FD12,13,0.7065251224806014
90eae7cc-badd-4bc1-b326-45ec6ba96fbd,FD14,11,0.7484965102832826
90eae7cc-badd-4bc1-b326-45ec6ba96fbd,FD16,11,0.7631247529123577
3a4453f3-430d-4926-83f9-d159f5f2c02b,FD12,49,0.7605390955732432
3a4453f3-430d-4926-83f9-d159f5f2c02b,FD14,49,0.7403701941149112
3a4453f3-430d-4926-83f9-d159f5f2c02b,FD16,50,0.7568403769638397
72a286e2-a831-4737-9759-a32e0a50aca3,FD12,12,0.7162213247655628
72a286e2-a831-4737-9759-a32e0a50aca3,FD14,14,0.7048463359953383
72a286e2-a831-4737-9759-a32e0a50aca3,FD16,9,0.7235089345860749
7d178a32-9d51-46d0-b7ef-89c03630ad30,FD12,12,0.7184645691166751
7d178a32-9d51-46d0-b7ef-89c03630ad30,FD14,12,0.6933351400231953
7d178a32-9d51-46d0-b7ef-89c03630ad30,FD16,10,0.7000128734638782
850724b8-c9cf-445b-8636-0795d3669c08,FD12,7,0.6618966935335293
850724b8-c9cf-445b-8636-0795d3669c08,FD14,11,0.6614918981238955
850724b8-c9cf-445b-8636-0795d3669c08,FD16,8,0.6976336953588265
c803b625-b2f3-41e6-a46f-8d1166fb8dc7,FD12,11,0.7101339610887325
c803b625-b2f3-41e6-a46f-8d1166fb8dc7,FD14,14,0.7282169544609893
c803b625-b2f3-41e6-a46f-8d1166fb8dc7,FD16,6,0.7198159799170731
37902953-c467-494f-926a-2e70d39e671f,FD16,3,0.7202535514223513
4d040bb8-4460-4aa3-92c0-aa1178faadb6,FD12,19,0.7607262995384296
4d040bb8-4460-4aa3-92c0-aa1178faadb6,FD14,6,0.7306466453096601
4d040bb8-4460-4aa3-92c0-aa1178faadb6,FD16,10,0.7807025718060056
8836806b-b19f-4073-9b0a-d14823d7d344,FD12,23,0.7085012438178677
8836806b-b19f-4073-9b0a-d14823d7d344,FD14,24,0.6966898811216489
8836806b-b19f-4073-9b0a-d14823d7d344,FD16,19,0.705366756749641
b0e979a4-bb34-41cf-a19f-b4953b1ed6b4,FD12,18,0.7105788020070793
b0e979a4-bb34-41cf-a19f-b4953b1ed6b4,FD14,9,0.7784649361087372
b0e979a4-bb34-41cf-a19f-b4953b1ed6b4,FD16,11,0.7065516733952727
e27cd104-7f03-4d45-95ff-eb1fca9fdb6f,FD12,16,0.6963116413448395
e27cd104-7f03-4d45-95ff-eb1fca9fdb6f,FD14,13,0.6882953399025233
e27cd104-7f03-4d45-95ff-eb1fca9fdb6f,FD16,8,0.7139608463263911
1ced6542-7b3d-4737-a644-f8a57e3af872,FD12,32,0.7483680131692313
1ced6542-7b3d-4737-a644-f8a57e3af872,FD14,24,0.6801345495077824
1ced6542-7b3d-4737-a644-f8a57e3af872,FD16,29,0.7367189390937618
4749783e-6f73-4bb1-a3fe-a8bdf34b71f7,FD12,11,0.7331357327545713
4749783e-6f73-4bb1-a3fe-a8bdf34b71f7,FD14,7,0.7065214519217209
4749783e-6f73-4bb1-a3fe-a8bdf34b71f7,FD16,8,0.7236904715227654
36ce688a-9bc0-401f-954b-5aaf8c4eb465,FD12,16,0.7419141518876654
36ce688a-9bc0-401f-954b-5aaf8c4eb465,FD14,13,0.7166986552871264
36ce688a-9bc0-401f-954b-5aaf8c4eb465,FD16,13,0.710601518366077
02171455-0fe8-477b-a6cf-602c79505bcf,FD12,4,0.7958070023015967
02171455-0fe8-477b-a6cf-602c79505bcf,FD14,4,0.7621283442597644
02171455-0fe8-477b-a6cf-602c79505bcf,FD16,5,0.8114088612721084
fc63b789-dba7-4431-b113-c959928170da,FD12,3,0.7514829798475644
fc63b789-dba7-4431-b113-c959928170da,FD14,3,0.8309775371254704
fc63b789-dba7-4431-b113-c959928170da,FD16,3,0.7333423805224445
5b16beed-248f-43a7-beac-7dc63673e08b,FD12,8,0.6773648270379349
5b16beed-248f-43a7-beac-7dc63673e08b,FD14,11,0.6858012270977365
5b16beed-248f-43a7-beac-7dc63673e08b,FD16,7,0.7119306907751808
18ea2cb3-e2b8-4ae5-b4d0-be4104421604,FD12,20,0.7376125896690815
18ea2cb3-e2b8-4ae5-b4d0-be4104421604,FD14,16,0.7343970179393788
18ea2cb3-e2b8-4ae5-b4d0-be4104421604,FD16,19,0.6985747599261917
3ec2460c-fa8b-4b23-9761-24013a00d704,FD12,16,0.7394640825664833
3ec2460c-fa8b-4b23-9761-24013a00d704,FD14,17,0.7305779344649187
3ec2460c-fa8b-4b23-9761-24013a00d704,FD16,14,0.7481786327467328
e6d3097e-bad2-4ee2-b100-3a5d9504f01d,FD12,9,0.7564450930477988
e6d3097e-bad2-4ee2-b100-3a5d9504f01d,FD14,14,0.6707739230683285
e6d3097e-bad2-4ee2-b100-3a5d9504f01d,FD16,8,0.7195602321618702
7355c621-93c7-447e-9828-c363a57968dc,FD12,15,0.7010623751824295
7355c621-93c7-447e-9828-c363a57968dc,FD14,14,0.6901785295797551
7355c621-93c7-447e-9828-c363a57968dc,FD16,15,0.6556388782843035
3425cd88-5174-4637-8875-ee0abd67b1d6,FD12,15,0.6505161936516181
3425cd88-5174-4637-8875-ee0abd67b1d6,FD14,15,0.6681845261717145
3425cd88-5174-4637-8875-ee0abd67b1d6,FD16,9,0.6150344395200745
58af897a-d227-4891-b7b8-3980a28cdd0d,FD12,6,0.6550461734616312
58af897a-d227-4891-b7b8-3980a28cdd0d,FD14,9,0.6748886112198867
58af897a-d227-4891-b7b8-3980a28cdd0d,FD16,3,0.7563409919288129
00f43e62-9da1-4f4c-b6e0-034afa22ce3e,FD12,12,0.7182975558613668
00f43e62-9da1-4f4c-b6e0-034afa22ce3e,FD14,6,0.7649109295063602
00f43e62-9da1-4f4c-b6e0-034afa22ce3e,FD16,3,0.6740679387597007
dee02cf3-a39a-4f07-a66e-96a564b32786,FD12,9,0.7803015657597472
dee02cf3-a39a-4f07-a66e-96a564b32786,FD14,9,0.758530655522344
dee02cf3-a39a-4f07-a66e-96a564b32786,FD16,8,0.7168519324427303
69d57858-b901-4e62-928a-3405a17dfd63,FD12,5,0.6371891186907374
ae1cdf16-e32e-42bc-82f0-3d1ebeafbdb3,FD12,14,0.710327072095121
ae1cdf16-e32e-42bc-82f0-3d1ebeafbdb3,FD14,13,0.7162969280308085
ae1cdf16-e32e-42bc-82f0-3d1ebeafbdb3,FD16,11,0.7242709411388496
a0093fd8-2a7e-4278-8e6a-1def02473df4,FD12,7,0.7185938799606408
a0093fd8-2a7e-4278-8e6a-1def02473df4,FD14,5,0.7267103971576652
a0093fd8-2a7e-4278-8e6a-1def02473df4,FD16,6,0.72640953075149
cfeebcd4-e625-439f-8dda-67f0cef3e879,FD12,8,0.6899244343137385
cfeebcd4-e625-439f-8dda-67f0cef3e879,FD16,3,0.7257766243214762
10e36810-ea9a-43f9-967a-a2caf3ec6d89,FD12,7,0.709974147487634
10e36810-ea9a-43f9-967a-a2caf3ec6d89,FD14,10,0.7405342019864951
0b1325b0-6446-4e35-9235-3f5d8ecfcbd2,FD12,10,0.740994239887939
0b1325b0-6446-4e35-9235-3f5d8ecfcbd2,FD14,8,0.6703785437136026
0b1325b0-6446-4e35-9235-3f5d8ecfcbd2,FD16,10,0.7467130274531818
7b3033af-3c1a-44c8-a97a-a3d2c96575ad,FD12,7,0.742649372732533
7b3033af-3c1a-44c8-a97a-a3d2c96575ad,FD14,5,0.716281141921562
7b3033af-3c1a-44c8-a97a-a3d2c96575ad,FD16,4,0.5485470899856346
c45a0ded-a344-4512-bae5-5fe18be77b22,FD12,15,0.723077925003131
c45a0ded-a344-4512-bae5-5fe18be77b22,FD14,14,0.7295844529891349
c45a0ded-a344-4512-bae5-5fe18be77b22,FD16,11,0.7341358445505088
9a614e43-e045-4abb-9916-caf3cb1dcecb,FD12,12,0.740892801403831
9a614e43-e045-4abb-9916-caf3cb1dcecb,FD14,6,0.7216938645633526
9a614e43-e045-4abb-9916-caf3cb1dcecb,FD16,7,0.7130932500008752
6a00f882-d7b5-451a-b2bc-8c51caa51965,FD12,7,0.6261785416220912
6a00f882-d7b5-451a-b2bc-8c51caa51965,FD14,3,0.7126738122908731
6a00f882-d7b5-451a-b2bc-8c51caa51965,FD16,4,0.6376958488808746
72c086cd-20b6-4541-8f20-5034be49e82e,FD12,16,0.7006048461837457
72c086cd-20b6-4541-8f20-5034be49e82e,FD14,13,0.6914052934877286
72c086cd-20b6-4541-8f20-5034be49e82e,FD16,21,0.7145162294553411
b6cdcc9f-acec-4b55-a182-b9269aece6bd,FD12,9,0.703828282783324
b6cdcc9f-acec-4b55-a182-b9269aece6bd,FD14,12,0.7536163914919591
b6cdcc9f-acec-4b55-a182-b9269aece6bd,FD16,5,0.7578238765884786
09303437-bb90-46c0-a993-c7f693dd12bb,FD14,4,0.7046723785091711
4bee361f-d040-4590-9dd6-ed2954394833,FD12,29,0.7169865801978486
4bee361f-d040-4590-9dd6-ed2954394833,FD14,24,0.709089076513985
4bee361f-d040-4590-9dd6-ed2954394833,FD16,23,0.7022997343408985
0b77ff9d-fb19-4227-84fa-d2dbeba6e340,FD12,12,0.7833240693724997
0b77ff9d-fb19-4227-84fa-d2dbeba6e340,FD14,11,0.7419382417867928
0b77ff9d-fb19-4227-84fa-d2dbeba6e340,FD16,6,0.7492172170414695
5065e9b4-5b44-41d0-ab4e-f78401a6a642,FD12,14,0.7486455520709735
5065e9b4-5b44-41d0-ab4e-f78401a6a642,FD14,9,0.7247961954630785
5065e9b4-5b44-41d0-ab4e-f78401a6a642,FD16,7,0.6912339435810086
28bc948f-58e5-46f4-add4-f9f8abf51fd0,FD12,12,0.696789288347064
28bc948f-58e5-46f4-add4-f9f8abf51fd0,FD14,14,0.7054781679935461
28bc948f-58e5-46f4-add4-f9f8abf51fd0,FD16,18,0.7069790857804188
a9d470a5-c5d4-42a2-94ec-b30eb1cb13a5,FD12,7,0.7265049554884553
a9d470a5-c5d4-42a2-94ec-b30eb1cb13a5,FD14,4,0.7135394163606171
a9d470a5-c5d4-42a2-94ec-b30eb1cb13a5,FD16,9,0.7072452432563873
bfb53e95-7d14-4eb6-9214-340ed55d5db8,FD12,10,0.6734756704377927
bfb53e95-7d14-4eb6-9214-340ed55d5db8,FD14,13,0.7042855893019159
bfb53e95-7d14-4eb6-9214-340ed55d5db8,FD16,11,0.6939895634254508
387fefe0-e647-4269-8c62-789d72b912fd,FD12,4,0.7489500689291033
387fefe0-e647-4269-8c62-789d72b912fd,FD16,4,0.7459533741633717
f948926f-c996-4bd0-87db-d36f4e84cb02,FD12,6,0.7194764932164797
f948926f-c996-4bd0-87db-d36f4e84cb02,FD14,6,0.751160306756296
f948926f-c996-4bd0-87db-d36f4e84cb02,FD16,8,0.7571279241303475
d20eb94f-ad31-45b3-9b72-d793e10e0c1c,FD12,7,0.7069922227226484
d20eb94f-ad31-45b3-9b72-d793e10e0c1c,FD14,9,0.7050691209852781
5e9e6f12-8a2a-447b-8aab-67283fe42674,FD12,8,0.7292628092484454
5e9e6f12-8a2a-447b-8aab-67283fe42674,FD14,8,0.75022620053244
5e9e6f12-8a2a-447b-8aab-67283fe42674,FD16,6,0.7630540668991663
36f5f746-9321-4517-bb23-6ca8a8a17232,FD12,12,0.7736345083656514
36f5f746-9321-4517-bb23-6ca8a8a17232,FD14,10,0.7612539177617281
36f5f746-9321-4517-bb23-6ca8a8a17232,FD16,11,0.730488221717835
6b232b8f-c0f7-4d56-af14-61ca1c694b83,FD12,7,0.6779087320126866
6b232b8f-c0f7-4d56-af14-61ca1c694b83,FD14,11,0.6782920225793407
6b232b8f-c0f7-4d56-af14-61ca1c694b83,FD16,9,0.7559222869013948
184c18d4-91cc-4527-87d5-11709132876b,FD12,18,0.7689801167712185
184c18d4-91cc-4527-87d5-11709132876b,FD14,21,0.7754727359500703
184c18d4-91cc-4527-87d5-11709132876b,FD16,24,0.7729606427747713
a0919de4-6c51-4bce-91f8-fbdc08f4a454,FD12,4,0.7141441060860547
a0919de4-6c51-4bce-91f8-fbdc08f4a454,FD14,6,0.6989245161139441
a0919de4-6c51-4bce-91f8-fbdc08f4a454,FD16,7,0.6548507899329152
048bec0e-82e3-4da6-a28c-a1c709611c58,FD12,44,0.7185062826281371
048bec0e-82e3-4da6-a28c-a1c709611c58,FD14,45,0.7464680039192042
048bec0e-82e3-4da6-a28c-a1c709611c58,FD16,46,0.7219866995810527
b1f723d9-aeb5-442e-b92e-0be1ad2bd092,FD12,6,0.6931983190282254
b1f723d9-aeb5-442e-b92e-0be1ad2bd092,FD14,7,0.7154753177805593
b1f723d9-aeb5-442e-b92e-0be1ad2bd092,FD16,6,0.7614079652234278
2ca40133-a977-4e20-a9fa-391835e7f6dc,FD12,7,0.6540003814874449
2ca40133-a977-4e20-a9fa-391835e7f6dc,FD14,14,0.714442454991184
2ca40133-a977-4e20-a9fa-391835e7f6dc,FD16,11,0.6768987329058385
7f8a0ff9-1605-4fb1-9c3a-2ed73891a352,FD12,6,0.7030249802131467
7f8a0ff9-1605-4fb1-9c3a-2ed73891a352,FD14,9,0.7051326969175946
7f8a0ff9-1605-4fb1-9c3a-2ed73891a352,FD16,4,0.718699670197469
7c0c8a91-a22d-479c-a63f-c0db10be448d,FD12,10,0.6941285484563486
7c0c8a91-a22d-479c-a63f-c0db10be448d,FD14,7,0.70114623155127
7c0c8a91-a22d-479c-a63f-c0db10be448d,FD16,5,0.6585969611872093
bfb8708a-3406-4a42-a266-085fbd14b579,FD12,18,0.7243715619870572
bfb8708a-3406-4a42-a266-085fbd14b579,FD14,12,0.7201324170536838
bfb8708a-3406-4a42-a266-085fbd14b579,FD16,10,0.7191239559905924
5ff7e65f-f0c9-4df6-bb70-acc8e0f6d434,FD12,10,0.7203715091318701
5ff7e65f-f0c9-4df6-bb70-acc8e0f6d434,FD14,12,0.6364416220561842
5ff7e65f-f0c9-4df6-bb70-acc8e0f6d434,FD16,7,0.6613025181200924
5a7707bc-96d6-458a-b6b9-9298b43be225,FD12,9,0.769691748422973
5a7707bc-96d6-458a-b6b9-9298b43be225,FD14,8,0.7429797818996149
5a7707bc-96d6-458a-b6b9-9298b43be225,FD16,6,0.7309732311805417
1fb20fdd-5d55-49e3-ac4a-ae4f2be20d2e,FD12,11,0.6876195624356447
1fb20fdd-5d55-49e3-ac4a-ae4f2be20d2e,FD14,16,0.7011255707543005
1fb20fdd-5d55-49e3-ac4a-ae4f2be20d2e,FD16,10,0.7460022247683823
f73f136d-1cab-4581-ab45-e0c28da87432,FD12,10,0.749568077881219
f73f136d-1cab-4581-ab45-e0c28da87432,FD14,7,0.7352200432060245
f73f136d-1cab-4581-ab45-e0c28da87432,FD16,6,0.7192427910122383
de32f9fe-8b76-48fe-86e0-14ae9740e66f,FD12,7,0.7577161571515281
de32f9fe-8b76-48fe-86e0-14ae9740e66f,FD14,12,0.7164068378927573
de32f9fe-8b76-48fe-86e0-14ae9740e66f,FD16,7,0.6735091532729283
86d12ff9-c851-486b-8e43-b66c29c7cb56,FD12,3,0.6652503024581069
2c5fddab-7b4b-4618-bbf3-39203617c09e,FD12,9,0.7001198958787187
2c5fddab-7b4b-4618-bbf3-39203617c09e,FD14,7,0.6628905542191594
2c5fddab-7b4b-4618-bbf3-39203617c09e,FD16,5,0.6252203120823838
3ca5f49a-9c37-4010-a666-cf10f2fe2bb7,FD12,23,0.7349198648608267
3ca5f49a-9c37-4010-a666-cf10f2fe2bb7,FD14,28,0.7306331094548641
3ca5f49a-9c37-4010-a666-cf10f2fe2bb7,FD16,21,0.7335117026673731
f104f4bf-5f59-4368-ad5b-37fad01d64c7,FD12,11,0.7576109727455835
f104f4bf-5f59-4368-ad5b-37fad01d64c7,FD14,29,0.7299163206739859
f104f4bf-5f59-4368-ad5b-37fad01d64c7,FD16,11,0.714414707658418
c3e623f2-e9c8-41d0-b088-990ee2b9119e,FD12,24,0.7264051858210523
c3e623f2-e9c8-41d0-b088-990ee2b9119e,FD14,25,0.7249002336750638
c3e623f2-e9c8-41d0-b088-990ee2b9119e,FD16,37,0.7468983575242636
d1bcd9c2-1b22-4864-ae60-3259650de72e,FD12,10,0.749231188049297
d1bcd9c2-1b22-4864-ae60-3259650de72e,FD14,10,0.7086993817505907
d1bcd9c2-1b22-4864-ae60-3259650de72e,FD16,10,0.7666445395783361
d46d166d-4891-4de8-a22b-dcbfb2b0286e,FD12,3,0.7007574563210827
d46d166d-4891-4de8-a22b-dcbfb2b0286e,FD14,8,0.6262523359063403
d46d166d-4891-4de8-a22b-dcbfb2b0286e,FD16,6,0.6738026897475031
d7595bec-a1ec-4d4b-9752-7a83a18f1832,FD12,8,0.7426139479580889
d7595bec-a1ec-4d4b-9752-7a83a18f1832,FD14,8,0.7453433972038708
d7595bec-a1ec-4d4b-9752-7a83a18f1832,FD16,6,0.7235714984441647
978c4631-4338-452f-9648-2c7e3b334666,FD12,4,0.6555058533003464
273e6c55-fece-43ca-b945-2d2d538a100d,FD12,17,0.7410389440974924
273e6c55-fece-43ca-b945-2d2d538a100d,FD14,18,0.7408765887002131
273e6c55-fece-43ca-b945-2d2d538a100d,FD16,19,0.7473154719610562
1a54b20b-b674-496f-8a93-e21087c72b15,FD12,10,0.643930229235824
1a54b20b-b674-496f-8a93-e21087c72b15,FD14,11,0.7024974640436517
1a54b20b-b674-496f-8a93-e21087c72b15,FD16,9,0.7103715384401881
eaa37cae-1c74-408f-8bbf-0f0daba8a2bc,FD12,13,0.7060496701348355
eaa37cae-1c74-408f-8bbf-0f0daba8a2bc,FD14,16,0.7166222611033142
eaa37cae-1c74-408f-8bbf-0f0daba8a2bc,FD16,13,0.7099832226494376
5903633e-0d4d-414e-8d9e-e44c7df997a4,FD12,15,0.7459823731953321
5903633e-0d4d-414e-8d9e-e44c7df997a4,FD14,16,0.7186825119000854
5903633e-0d4d-414e-8d9e-e44c7df997a4,FD16,25,0.6846526644847293
c29c47b5-2ea9-4835-ad78-1305a35f6961,FD12,21,0.7423023006433032
c29c47b5-2ea9-4835-ad78-1305a35f6961,FD14,15,0.7442134974189387
c29c47b5-2ea9-4835-ad78-1305a35f6961,FD16,15,0.7235145642974821
4b81e82e-6d99-41dd-8165-e2ca0aa5be1d,FD12,8,0.7094573942751841
4b81e82e-6d99-41dd-8165-e2ca0aa5be1d,FD14,12,0.7186769394348029
4b81e82e-6d99-41dd-8165-e2ca0aa5be1d,FD16,7,0.6581487686233283
e62fef41-a2dd-4835-bfc7-9d7914f2b2f8,FD12,8,0.7065086461081429
e62fef41-a2dd-4835-bfc7-9d7914f2b2f8,FD14,5,0.6816958049498753
e62fef41-a2dd-4835-bfc7-9d7914f2b2f8,FD16,9,0.6250141878294369
c6545468-6c01-42f0-bcec-5de5df7294e4,FD14,10,0.7389919087341119
c6545468-6c01-42f0-bcec-5de5df7294e4,FD16,10,0.6927305369593353
868b3c4b-1955-488d-ab1d-b3bc0252dee6,FD12,5,0.8135939976527151
868b3c4b-1955-488d-ab1d-b3bc0252dee6,FD14,4,0.6879373862971707
868b3c4b-1955-488d-ab1d-b3bc0252dee6,FD16,8,0.8005580831988393
56ba245a-8396-414d-ba96-98b6b7e60330,FD12,6,0.7343227113521368
56ba245a-8396-414d-ba96-98b6b7e60330,FD14,7,0.7450579060448774
56ba245a-8396-414d-ba96-98b6b7e60330,FD16,11,0.700461269062459
0992b8c5-5804-4472-8263-f4c90a16cb9e,FD12,6,0.742203740688579
0992b8c5-5804-4472-8263-f4c90a16cb9e,FD14,9,0.6947919581552344
0992b8c5-5804-4472-8263-f4c90a16cb9e,FD16,8,0.7617438268457711
3f58fa70-059f-4fe2-9bab-63552e87fbf6,FD12,25,0.7512183461800173
3f58fa70-059f-4fe2-9bab-63552e87fbf6,FD14,30,0.7189692434801325
3f58fa70-059f-4fe2-9bab-63552e87fbf6,FD16,27,0.7235615817866979
2d930e16-124f-4319-a38c-af29c24838fc,FD12,9,0.7633898461803679
2d930e16-124f-4319-a38c-af29c24838fc,FD14,15,0.7320963014381657
2d930e16-124f-4319-a38c-af29c24838fc,FD16,8,0.690796870433486
782fc2e1-0fd1-4577-8015-08461a35e710,FD12,45,0.7318398060903983
782fc2e1-0fd1-4577-8015-08461a35e710,FD14,45,0.7470344013486235
782fc2e1-0fd1-4577-8015-08461a35e710,FD16,35,0.7477675455745867
b89ffc78-83f9-4efa-b102-a24ba628aee0,FD12,5,0.7412725230629695
b89ffc78-83f9-4efa-b102-a24ba628aee0,FD14,12,0.731405689490445
b89ffc78-83f9-4efa-b102-a24ba628aee0,FD16,6,0.7399894530679068
fa726ce0-a63c-4acf-b2d5-90868d41f55b,FD12,18,0.7190095246756391
fa726ce0-a63c-4acf-b2d5-90868d41f55b,FD14,19,0.7496701802597918
fa726ce0-a63c-4acf-b2d5-90868d41f55b,FD16,21,0.7281091667152343
1d4c273f-112a-4183-a521-5ff388fdd7a5,FD12,4,0.7138456606961641
1d4c273f-112a-4183-a521-5ff388fdd7a5,FD14,3,0.7195447559528632
1d4c273f-112a-4183-a521-5ff388fdd7a5,FD16,5,0.7158204305606441
c9891938-c871-4a41-b735-9bc138c3c2fa,FD12,16,0.7181906428950039
c9891938-c871-4a41-b735-9bc138c3c2fa,FD14,13,0.6653558446892844
c9891938-c871-4a41-b735-9bc138c3c2fa,FD16,15,0.7124462807571199
d85afbd4-29ba-4e25-aa24-7b73d5ecbdda,FD12,16,0.7415440992498521
d85afbd4-29ba-4e25-aa24-7b73d5ecbdda,FD14,9,0.7177104310602032
d85afbd4-29ba-4e25-aa24-7b73d5ecbdda,FD16,8,0.776601731796101
b36ea873-c30b-4633-8d41-fe27f5ea3448,FD12,36,0.7210834666859711
b36ea873-c30b-4633-8d41-fe27f5ea3448,FD14,27,0.7481390470264251
b36ea873-c30b-4633-8d41-fe27f5ea3448,FD16,27,0.7149764534783074
d6f8de37-bfd9-44eb-aee5-8e2e422b4fda,FD12,6,0.6716029900614489
d6f8de37-bfd9-44eb-aee5-8e2e422b4fda,FD14,9,0.7076226108687064
d6f8de37-bfd9-44eb-aee5-8e2e422b4fda,FD16,8,0.6670058083885783
e0cf011b-1b78-460e-ad08-0fb81d2094a8,FD12,3,0.6741519433860881
e0cf011b-1b78-460e-ad08-0fb81d2094a8,FD14,5,0.7364078443638846
e0cf011b-1b78-460e-ad08-0fb81d2094a8,FD16,3,0.7385393627180027
0641f3e5-f882-49aa-bf15-98128988a8e1,FD12,41,0.7394410669160063
0641f3e5-f882-49aa-bf15-98128988a8e1,FD14,35,0.733981278129769
0641f3e5-f882-49aa-bf15-98128988a8e1,FD16,35,0.7343358009816097
83f3e0b1-13cc-4adb-b37a-4bd7833c0456,FD12,6,0.6325024504766941
83f3e0b1-13cc-4adb-b37a-4bd7833c0456,FD14,4,0.669369441801768
83f3e0b1-13cc-4adb-b37a-4bd7833c0456,FD16,4,0.674390729674698
999e292a-2626-4791-b722-1144d52a706e,FD12,5,0.7187217037384585
999e292a-2626-4791-b722-1144d52a706e,FD14,3,0.5604514552834319
999e292a-2626-4791-b722-1144d52a706e,FD16,3,0.770928123546512
769ca650-1d2d-4ab3-811b-88a94f5a0144,FD14,5,0.7499887588603158
769ca650-1d2d-4ab3-811b-88a94f5a0144,FD16,6,0.7378096148247717
904171db-49d3-4295-999c-b2babe7fb9c7,FD12,22,0.6849021290771728
904171db-49d3-4295-999c-b2babe7fb9c7,FD14,19,0.7319543320633899
904171db-49d3-4295-999c-b2babe7fb9c7,FD16,14,0.7242221078850337
35fb8dd0-54bd-4eeb-bfbe-f5abe66d729c,FD12,5,0.6602133287536242
4df3bfb6-671c-402e-bc2a-62269cff43bf,FD12,6,0.7130233752642161
4df3bfb6-671c-402e-bc2a-62269cff43bf,FD14,10,0.725626357589227
4df3bfb6-671c-402e-bc2a-62269cff43bf,FD16,6,0.7475356110500909
89cc36f8-3eea-4a12-b1fa-ef56d8455a5c,FD14,4,0.5440660320341952
670ec36a-74a6-4933-bd0e-572a3802acd2,FD12,10,0.7083069888215761
670ec36a-74a6-4933-bd0e-572a3802acd2,FD16,10,0.7242679143179915
b4ae65eb-7689-49be-92a9-55fe412f7aca,FD12,5,0.6915701565577993
b4ae65eb-7689-49be-92a9-55fe412f7aca,FD14,5,0.6786452844251856
b4ae65eb-7689-49be-92a9-55fe412f7aca,FD16,4,0.7667213466424185
9fef54fe-5cf4-47d3-8b65-77205a5becb2,FD12,38,0.764737044907103
9fef54fe-5cf4-47d3-8b65-77205a5becb2,FD14,20,0.7707686110943216
9fef54fe-5cf4-47d3-8b65-77205a5becb2,FD16,27,0.7303909648524454
eeacb7ac-23df-4499-a48d-6c4387907516,FD14,7,0.7387163611285645
8c6ea3de-1067-4fa8-8980-6b3ca7176578,FD12,11,0.7138412481951213
8c6ea3de-1067-4fa8-8980-6b3ca7176578,FD14,16,0.7190248708803615
8c6ea3de-1067-4fa8-8980-6b3ca7176578,FD16,11,0.7207887484896482
7188efca-fb2c-48f4-bf1e-f1ed1149f503,FD12,9,0.7162768507412158
7188efca-fb2c-48f4-bf1e-f1ed1149f503,FD14,8,0.734026427907371
7188efca-fb2c-48f4-bf1e-f1ed1149f503,FD16,4,0.6785323142948779
88532a90-832c-46ca-9947-c0950b439142,FD12,20,0.746111466871678
88532a90-832c-46ca-9947-c0950b439142,FD14,15,0.7339001063641776
88532a90-832c-46ca-9947-c0950b439142,FD16,17,0.715299459194969
45319447-a0f4-4579-889a-1076b5188784,FD12,18,0.7290613921467602
45319447-a0f4-4579-889a-1076b5188784,FD14,21,0.7199803683355678
45319447-a0f4-4579-889a-1076b5188784,FD16,16,0.7498039069356592
dc8e2ecc-de78-4017-9793-71879b046ecb,FD12,5,0.7146924307939868
dc8e2ecc-de78-4017-9793-71879b046ecb,FD14,4,0.7281253724742517
bdb3b663-5302-4000-ba1f-98965b33269d,FD12,9,0.7509625296292015
bdb3b663-5302-4000-ba1f-98965b33269d,FD14,5,0.641398301725372
bdb3b663-5302-4000-ba1f-98965b33269d,FD16,6,0.580874874167773
1ebfb88f-b88c-411b-a700-b0b6879d9c1e,FD12,33,0.7583222025985958
1ebfb88f-b88c-411b-a700-b0b6879d9c1e,FD14,20,0.713461634993051
1ebfb88f-b88c-411b-a700-b0b6879d9c1e,FD16,19,0.7637732185679953
f1d28ff1-e862-4950-bdc3-b23cddba447b,FD12,9,0.7499560374587323
f1d28ff1-e862-4950-bdc3-b23cddba447b,FD14,4,0.8482684677624936
6aedd8bf-86a8-4f55-8183-cfe31ec10f11,FD12,5,0.7348662803909904
6aedd8bf-86a8-4f55-8183-cfe31ec10f11,FD14,3,0.7012174951382197
c958dc0e-1fab-4256-abe2-297054df6abe,FD12,10,0.6989245161139441
c958dc0e-1fab-4256-abe2-297054df6abe,FD14,11,0.6393539120756837
c958dc0e-1fab-4256-abe2-297054df6abe,FD16,9,0.6943334724832179
681c2d12-fae1-48d9-94e8-2c6fdd8c0e5f,FD12,6,0.7573979431675758
681c2d12-fae1-48d9-94e8-2c6fdd8c0e5f,FD14,5,0.7551797481873118
681c2d12-fae1-48d9-94e8-2c6fdd8c0e5f,FD16,8,0.7396951149479285
d9f12266-c7b2-4fb1-b98b-5f76dc98fb82,FD12,9,0.7505412127092757
d9f12266-c7b2-4fb1-b98b-5f76dc98fb82,FD14,7,0.7685110523520148
d9f12266-c7b2-4fb1-b98b-5f76dc98fb82,FD16,5,0.78622264813426
d07aa5ee-9a18-4e03-b9c3-b0c74a30c769,FD12,39,0.7299209427638209
d07aa5ee-9a18-4e03-b9c3-b0c74a30c769,FD14,34,0.6933954291772209
d07aa5ee-9a18-4e03-b9c3-b0c74a30c769,FD16,38,0.6974180480248464
120fccac-a0a3-41e2-8595-74a10eed07e8,FD12,10,0.7750250602150571
120fccac-a0a3-41e2-8595-74a10eed07e8,FD14,10,0.7465654355147102
120fccac-a0a3-41e2-8595-74a10eed07e8,FD16,10,0.7429661751999547
32e4bba0-ee63-47c9-8d7e-8c77b58fde57,FD12,18,0.7446585720305384
32e4bba0-ee63-47c9-8d7e-8c77b58fde57,FD14,14,0.7363885847049987
32e4bba0-ee63-47c9-8d7e-8c77b58fde57,FD16,8,0.6884795900116654
faa608e3-7ace-4d14-8666-83d163737f9a,FD12,47,0.7612782528071858
faa608e3-7ace-4d14-8666-83d163737f9a,FD14,46,0.7490794909355583
faa608e3-7ace-4d14-8666-83d163737f9a,FD16,44,0.7364850569074521
68536fa4-5d72-495a-b48d-1531cf367bce,FD14,10,0.6701732111757123
68536fa4-5d72-495a-b48d-1531cf367bce,FD16,7,0.6423919633919766
d1c69735-dd44-42a5-b5a2-862ad4ee79b9,FD12,19,0.7139432839891433
d1c69735-dd44-42a5-b5a2-862ad4ee79b9,FD14,15,0.7290667396166491
d1c69735-dd44-42a5-b5a2-862ad4ee79b9,FD16,9,0.7545006650406372
a097becd-ca7a-419c-b808-756990b1d367,FD16,9,0.701954409089464
d9c02cda-013d-4b33-8f13-9ebdaa2ac326,FD12,4,0.6759718380522258
d9c02cda-013d-4b33-8f13-9ebdaa2ac326,FD14,4,0.7657194764279944
d9c02cda-013d-4b33-8f13-9ebdaa2ac326,FD16,4,0.5993907656782438
e5f193e4-e1b5-40af-8517-6838e1d5a5f7,FD12,4,0.6634668307165521
e5f193e4-e1b5-40af-8517-6838e1d5a5f7,FD16,5,0.6924207050317771
ce134539-adc6-4dc3-a185-da4499c706cb,FD12,7,0.7037121246821472
ce134539-adc6-4dc3-a185-da4499c706cb,FD14,14,0.6535757700533051
ce134539-adc6-4dc3-a185-da4499c706cb,FD16,13,0.6698085159213224
72f800a7-1918-40f0-89ac-366eca9468b5,FD12,3,0.7501696265946556
72f800a7-1918-40f0-89ac-366eca9468b5,FD16,3,0.7284570764450021
214db6e4-7376-4b02-b526-4ee70be6ae52,FD12,9,0.7417453981236317
214db6e4-7376-4b02-b526-4ee70be6ae52,FD14,8,0.7635967836470221
214db6e4-7376-4b02-b526-4ee70be6ae52,FD16,13,0.7138689238588782
ee99115a-0407-479c-aa7c-3b403b2a9412,FD12,11,0.7290146097044681
ee99115a-0407-479c-aa7c-3b403b2a9412,FD14,6,0.7300625320092002
ee99115a-0407-479c-aa7c-3b403b2a9412,FD16,7,0.7316679445097581
35ab2ac6-f484-4e9e-95cf-34432c2a4a46,FD12,24,0.7398935300051579
35ab2ac6-f484-4e9e-95cf-34432c2a4a46,FD14,29,0.7579597415157615
35ab2ac6-f484-4e9e-95cf-34432c2a4a46,FD16,20,0.7235770323472107
5f0ea3d0-8add-4e23-a891-024d0c2775d0,FD12,26,0.7586247418757831
5f0ea3d0-8add-4e23-a891-024d0c2775d0,FD14,26,0.7811858775765005
5f0ea3d0-8add-4e23-a891-024d0c2775d0,FD16,33,0.7469814043212111
b5d4fe32-3db2-4462-8ca5-0d52550ee09d,FD12,7,0.7763019517747227
b5d4fe32-3db2-4462-8ca5-0d52550ee09d,FD14,10,0.7198978777364106
b5d4fe32-3db2-4462-8ca5-0d52550ee09d,FD16,6,0.748825864284355
b0d99316-7704-41ca-a9de-37527d8fae6d,FD12,3,0.7579955007185268
b0d99316-7704-41ca-a9de-37527d8fae6d,FD14,5,0.7508324099769517
b0d99316-7704-41ca-a9de-37527d8fae6d,FD16,4,0.7818028241694994
b486f64a-04dd-4360-a1ec-854eb380e302,FD12,3,0.7424813880226893
b486f64a-04dd-4360-a1ec-854eb380e302,FD14,6,0.7294720487449169
b486f64a-04dd-4360-a1ec-854eb380e302,FD16,7,0.635702369770224
77fb945f-2b96-4b2d-9400-edd54e6f825c,FD12,6,0.6245980453308715
77fb945f-2b96-4b2d-9400-edd54e6f825c,FD14,3,0.5938982118839775
4f1f6ef9-69df-47de-84ea-6be5eae7fc1d,FD12,11,0.707977228002492
4f1f6ef9-69df-47de-84ea-6be5eae7fc1d,FD14,8,0.6843432909173748
4f1f6ef9-69df-47de-84ea-6be5eae7fc1d,FD16,6,0.659294823843383
644479e6-1586-4311-a1c0-f1f68909be5e,FD12,27,0.7196077468209261
644479e6-1586-4311-a1c0-f1f68909be5e,FD14,31,0.7297886709883663
644479e6-1586-4311-a1c0-f1f68909be5e,FD16,27,0.7392523998535632
d2031532-3e40-49b2-9e31-cf5308fdc88d,FD12,10,0.7758623760376391
d2031532-3e40-49b2-9e31-cf5308fdc88d,FD14,7,0.7208729951709982
d2031532-3e40-49b2-9e31-cf5308fdc88d,FD16,7,0.7272974628565728
73bf93f2-fd8e-43af-8084-5d3d59747ef4,FD12,26,0.7086620845991368
73bf93f2-fd8e-43af-8084-5d3d59747ef4,FD14,18,0.7208670022340251
73bf93f2-fd8e-43af-8084-5d3d59747ef4,FD16,20,0.7147616806465278
93ea107b-c6f1-4ad9-a8c7-1d6d45cfb2f9,FD12,13,0.6990118702276369
93ea107b-c6f1-4ad9-a8c7-1d6d45cfb2f9,FD14,16,0.7381148738466944
93ea107b-c6f1-4ad9-a8c7-1d6d45cfb2f9,FD16,15,0.707747235966409
160b38ba-0317-4eae-82ad-3eb4497d5bd8,FD12,25,0.7567444569302484
160b38ba-0317-4eae-82ad-3eb4497d5bd8,FD14,20,0.6774972925317981
160b38ba-0317-4eae-82ad-3eb4497d5bd8,FD16,24,0.7052989440412373
c95b3f95-32ab-4cff-ad6d-f7ba100c08c7,FD12,10,0.672074073579578
c95b3f95-32ab-4cff-ad6d-f7ba100c08c7,FD14,10,0.6072115427075119
c95b3f95-32ab-4cff-ad6d-f7ba100c08c7,FD16,8,0.7545234159218153
7144a4d3-6b6f-4474-ba66-3b28a1f8ecb0,FD12,7,0.7515028996523914
7144a4d3-6b6f-4474-ba66-3b28a1f8ecb0,FD14,10,0.6828767343264774
7144a4d3-6b6f-4474-ba66-3b28a1f8ecb0,FD16,9,0.7251379660072474
22e18a7c-1609-417c-8933-0c62dea9d9b1,FD12,24,0.7484298801466245
22e18a7c-1609-417c-8933-0c62dea9d9b1,FD14,22,0.721111336527453
22e18a7c-1609-417c-8933-0c62dea9d9b1,FD16,23,0.7304997702941618
c34d7e76-63ac-4d83-b412-7d4d249d2263,FD12,7,0.6663286001442892
c34d7e76-63ac-4d83-b412-7d4d249d2263,FD14,8,0.703040738148897
c34d7e76-63ac-4d83-b412-7d4d249d2263,FD16,4,0.67868301174627
30b072ce-09ca-4eec-81e6-2ce653486f71,FD12,6,0.7288287973379453
30b072ce-09ca-4eec-81e6-2ce653486f71,FD14,7,0.7418327248011892
30b072ce-09ca-4eec-81e6-2ce653486f71,FD16,8,0.7587766401500851
72bf67cb-db0f-44f6-aa03-4b2a199a367b,FD12,14,0.7478506516416634
72bf67cb-db0f-44f6-aa03-4b2a199a367b,FD14,22,0.7273959462447377
72bf67cb-db0f-44f6-aa03-4b2a199a367b,FD16,8,0.764051834483612
007481c0-fbab-43a3-966e-aad029f2ff60,FD12,21,0.7006794015051823
007481c0-fbab-43a3-966e-aad029f2ff60,FD14,15,0.652872934011457
007481c0-fbab-43a3-966e-aad029f2ff60,FD16,19,0.6738594411465324
b6dc76ab-3e7b-4899-96fb-03663ebfe350,FD12,9,0.7281653101042657
b6dc76ab-3e7b-4899-96fb-03663ebfe350,FD14,9,0.7909606544325929
b6dc76ab-3e7b-4899-96fb-03663ebfe350,FD16,5,0.7389859786568509
4ae62f1a-da25-41f9-aa39-ebea0888d410,FD12,13,0.7359349734625342
4ae62f1a-da25-41f9-aa39-ebea0888d410,FD14,12,0.740491505138768
4ae62f1a-da25-41f9-aa39-ebea0888d410,FD16,12,0.7331995403179493
cd3ae88a-e596-49fd-be76-cf55871ebd93,FD12,36,0.7582008084244078
cd3ae88a-e596-49fd-be76-cf55871ebd93,FD14,25,0.7583316611316699
cd3ae88a-e596-49fd-be76-cf55871ebd93,FD16,29,0.7694171536037409
5b17aca1-ccce-4ba8-a386-06e82036044b,FD12,11,0.7303142815948108
5b17aca1-ccce-4ba8-a386-06e82036044b,FD14,11,0.6562833982792717
5b17aca1-ccce-4ba8-a386-06e82036044b,FD16,6,0.7793202402209279
ce4fd78b-c7ea-4673-ab55-c9b5dd766e16,FD12,8,0.7245138590965965
ce4fd78b-c7ea-4673-ab55-c9b5dd766e16,FD14,11,0.6986619351050376
ce4fd78b-c7ea-4673-ab55-c9b5dd766e16,FD16,7,0.6813820036332066
b596cf4a-07e5-494d-af96-06b857a15a27,FD12,35,0.7258162554870453
b596cf4a-07e5-494d-af96-06b857a15a27,FD14,22,0.727322652827771
b596cf4a-07e5-494d-af96-06b857a15a27,FD16,24,0.7352889488672827
ae7d6950-f984-4fa6-872a-ffc42bb64111,FD12,43,0.798149440996865
ae7d6950-f984-4fa6-872a-ffc42bb64111,FD14,41,0.7548643666704569
ae7d6950-f984-4fa6-872a-ffc42bb64111,FD16,42,0.7684903542040082
8b597b99-0cd6-441d-9e23-4dec88d4f7bd,FD12,11,0.713343602863729
8b597b99-0cd6-441d-9e23-4dec88d4f7bd,FD14,5,0.605459373196102
8b597b99-0cd6-441d-9e23-4dec88d4f7bd,FD16,6,0.6829188861148312
3e5f6a07-68d3-4fdf-a0f6-e84d06e52da4,FD12,9,0.6713925347627583
3e5f6a07-68d3-4fdf-a0f6-e84d06e52da4,FD14,9,0.6659446436855191
3e5f6a07-68d3-4fdf-a0f6-e84d06e52da4,FD16,17,0.6729849787226152
b5285c5c-1279-490d-86dc-6f65f9276289,FD12,4,0.7079274200832776
b5285c5c-1279-490d-86dc-6f65f9276289,FD14,10,0.7069186865666491
b5285c5c-1279-490d-86dc-6f65f9276289,FD16,5,0.6505674334793474
f6485de2-c15f-48ce-9b91-5c6ee0332bdc,FD12,9,0.7891593435476094
f6485de2-c15f-48ce-9b91-5c6ee0332bdc,FD14,16,0.6966430569630149
f6485de2-c15f-48ce-9b91-5c6ee0332bdc,FD16,12,0.7174120740783676
3aaa7bb9-c74f-4928-9e53-e44109070070,FD12,3,0.7538891879671843
3aaa7bb9-c74f-4928-9e53-e44109070070,FD14,9,0.6723436499547207
3aaa7bb9-c74f-4928-9e53-e44109070070,FD16,7,0.6910513606193471
c4598ee2-5f01-4731-854f-6898f67b7d33,FD12,14,0.7272454398712601
c4598ee2-5f01-4731-854f-6898f67b7d33,FD14,3,0.7484632320639256
c4598ee2-5f01-4731-854f-6898f67b7d33,FD16,9,0.720555031957884
b714c5a1-9c57-4142-9370-9f8afba14d43,FD12,9,0.7087005199089413
b714c5a1-9c57-4142-9370-9f8afba14d43,FD14,7,0.7041834415530498
b714c5a1-9c57-4142-9370-9f8afba14d43,FD16,5,0.6825555167049677
a742ee42-a8fa-4031-bf52-7e68531f485f,FD12,7,0.7444430024149554
a742ee42-a8fa-4031-bf52-7e68531f485f,FD14,11,0.6724142248548499
a742ee42-a8fa-4031-bf52-7e68531f485f,FD16,7,0.732628645099378
82a2587c-4338-4d73-88c5-4bd2f75d594c,FD12,10,0.7185352599503656
82a2587c-4338-4d73-88c5-4bd2f75d594c,FD14,11,0.6375775504955727
82a2587c-4338-4d73-88c5-4bd2f75d594c,FD16,17,0.6812392715158971
b7efca14-351f-46cd-acd7-4ae5508994c5,FD12,11,0.7007823443505699
b7efca14-351f-46cd-acd7-4ae5508994c5,FD14,8,0.6425972416564428
b7efca14-351f-46cd-acd7-4ae5508994c5,FD16,3,0.7630021689270646
8bc9d7ae-986b-4a94-9d99-15729aace188,FD12,4,0.815867791705134
8bc9d7ae-986b-4a94-9d99-15729aace188,FD14,6,0.6845583716587111
8bc9d7ae-986b-4a94-9d99-15729aace188,FD16,7,0.7830708485578644
6479f91a-5863-444f-852f-74df91af16c2,FD12,10,0.7041834415530498
6479f91a-5863-444f-852f-74df91af16c2,FD14,13,0.7570181492684007
6479f91a-5863-444f-852f-74df91af16c2,FD16,8,0.6937194888282541
e1c78d78-bed4-459b-a4c6-ab7d119fc36c,FD12,22,0.6894730895764399
e1c78d78-bed4-459b-a4c6-ab7d119fc36c,FD14,17,0.7281488750090932
e1c78d78-bed4-459b-a4c6-ab7d119fc36c,FD16,14,0.7469108160725451
06725c21-4f0d-4395-b570-5e564eaa20d9,FD12,10,0.7037366563811842
06725c21-4f0d-4395-b570-5e564eaa20d9,FD14,13,0.773946002283533
06725c21-4f0d-4395-b570-5e564eaa20d9,FD16,15,0.6873580081157348
f5936a27-0b45-4fbd-9391-1b02079a196f,FD12,25,0.7122998893452075
f5936a27-0b45-4fbd-9391-1b02079a196f,FD14,19,0.6853584144220362
f5936a27-0b45-4fbd-9391-1b02079a196f,FD16,16,0.6851869470772702
327f0ec9-93bb-4ea2-8e77-d2bb543c5374,FD12,10,0.7263060945679201
327f0ec9-93bb-4ea2-8e77-d2bb543c5374,FD14,8,0.643895831413619
327f0ec9-93bb-4ea2-8e77-d2bb543c5374,FD16,6,0.6418169820694417
0a82be44-8a85-43c4-b2a7-5599d794e50f,FD12,11,0.6756019447173673
0a82be44-8a85-43c4-b2a7-5599d794e50f,FD14,10,0.7309763044329487
0a82be44-8a85-43c4-b2a7-5599d794e50f,FD16,9,0.6523073176849651
daa3e810-8b07-4542-a153-65f418bc372e,FD12,29,0.7338750491596131
daa3e810-8b07-4542-a153-65f418bc372e,FD14,24,0.7317487353105836
daa3e810-8b07-4542-a153-65f418bc372e,FD16,25,0.7225781518204047
209073a3-c7bf-4f6a-a48a-718fb7b68cd9,FD12,21,0.7789205781013357
209073a3-c7bf-4f6a-a48a-718fb7b68cd9,FD14,20,0.7762040097426177
209073a3-c7bf-4f6a-a48a-718fb7b68cd9,FD16,22,0.7445283668712708
3bb49892-97a4-41ca-88a0-9acdedb38896,FD12,15,0.6777599122164263
3bb49892-97a4-41ca-88a0-9acdedb38896,FD14,15,0.5675980153421936
3bb49892-97a4-41ca-88a0-9acdedb38896,FD16,15,0.570504326200576
d7b1a90c-2a60-4e1a-a1b3-cad8daed8185,FD12,10,0.7303372567221202
d7b1a90c-2a60-4e1a-a1b3-cad8daed8185,FD14,6,0.6934609664089857
d7b1a90c-2a60-4e1a-a1b3-cad8daed8185,FD16,5,0.7718424961666104
18e93ed5-f78e-4e69-ae7e-a60a9fad5f4c,FD12,7,0.6941285484563486
18e93ed5-f78e-4e69-ae7e-a60a9fad5f4c,FD14,15,0.6922135980913564
18e93ed5-f78e-4e69-ae7e-a60a9fad5f4c,FD16,8,0.6651025323524888
be60315d-6b47-48bb-a87c-36d4b680b858,FD12,7,0.6946151946032448
be60315d-6b47-48bb-a87c-36d4b680b858,FD14,5,0.6905366271975466
be60315d-6b47-48bb-a87c-36d4b680b858,FD16,9,0.7302042213991298
880a7145-3072-4452-8dd7-5f7c3be52223,FD12,6,0.7729406780705134
880a7145-3072-4452-8dd7-5f7c3be52223,FD14,3,0.7671975736709866
880a7145-3072-4452-8dd7-5f7c3be52223,FD16,3,0.7075115976265008
45a5ab69-9ba7-4277-a5c7-0b16cd495441,FD12,5,0.716342563623352
45a5ab69-9ba7-4277-a5c7-0b16cd495441,FD14,8,0.6474296710240768
f06c6c77-41fe-4c65-8ec8-9e1ca02127fa,FD12,10,0.7210316451084982
f06c6c77-41fe-4c65-8ec8-9e1ca02127fa,FD14,12,0.6981213847936802
f06c6c77-41fe-4c65-8ec8-9e1ca02127fa,FD16,7,0.7164565882349923
59ac66d2-9987-4fda-99d7-c57076f801aa,FD12,43,0.7429194951188515
59ac66d2-9987-4fda-99d7-c57076f801aa,FD14,47,0.7600306503887967
59ac66d2-9987-4fda-99d7-c57076f801aa,FD16,49,0.7425508527312874
d67d4ef1-cd41-4627-b2dc-0df759bdcc32,FD12,38,0.756546898671954
d67d4ef1-cd41-4627-b2dc-0df759bdcc32,FD14,29,0.7614631901302396
d67d4ef1-cd41-4627-b2dc-0df759bdcc32,FD16,38,0.7354302706562106
6bf9fa3c-3e8a-4afe-9970-075a12b799df,FD12,25,0.761453354451125
6bf9fa3c-3e8a-4afe-9970-075a12b799df,FD14,35,0.740397437785437
6bf9fa3c-3e8a-4afe-9970-075a12b799df,FD16,22,0.7690725758286032
4aa00fd1-b8b6-4d7f-8c11-d4d6e1f23e5f,FD12,13,0.7193336409907891
4aa00fd1-b8b6-4d7f-8c11-d4d6e1f23e5f,FD14,8,0.6917797523266906
4aa00fd1-b8b6-4d7f-8c11-d4d6e1f23e5f,FD16,9,0.7610201928483971
8bcf5d5e-77a9-423c-a14b-e2020760034a,FD12,10,0.771279887468284
8bcf5d5e-77a9-423c-a14b-e2020760034a,FD14,16,0.7138121232746726
8bcf5d5e-77a9-423c-a14b-e2020760034a,FD16,11,0.7269788308247414
8fbd850d-2e7c-4676-bc56-b48185174716,FD12,9,0.6943015805773733
8fbd850d-2e7c-4676-bc56-b48185174716,FD14,7,0.7307178158754866
8fbd850d-2e7c-4676-bc56-b48185174716,FD16,7,0.7320257358175448
28fd8fe6-7261-4941-b55a-e3bda164a174,FD12,3,0.7994284080189765
28fd8fe6-7261-4941-b55a-e3bda164a174,FD14,3,0.6609575594575199
28fd8fe6-7261-4941-b55a-e3bda164a174,FD16,6,0.8066389570149952
f568cfea-3d40-4f77-a2ea-707b0bc3d3a8,FD12,6,0.717216887710955
f568cfea-3d40-4f77-a2ea-707b0bc3d3a8,FD14,8,0.6632950744289576
f568cfea-3d40-4f77-a2ea-707b0bc3d3a8,FD16,5,0.6648881360944854
fdab98a7-4f3c-491b-8d8c-2b66d046a6b8,FD12,11,0.7410436696058933
fdab98a7-4f3c-491b-8d8c-2b66d046a6b8,FD14,17,0.751737867290993
fdab98a7-4f3c-491b-8d8c-2b66d046a6b8,FD16,16,0.7298863572068963
ec7eb6b4-9121-4499-b7a7-a3e6c5c7478c,FD12,9,0.7159885333010656
ec7eb6b4-9121-4499-b7a7-a3e6c5c7478c,FD14,8,0.7015742483864399
ec7eb6b4-9121-4499-b7a7-a3e6c5c7478c,FD16,5,0.7043772696312393
973396cf-eb95-4a2f-ad92-87be84c406d5,FD12,13,0.7284374231437082
973396cf-eb95-4a2f-ad92-87be84c406d5,FD14,6,0.7644366674676475
973396cf-eb95-4a2f-ad92-87be84c406d5,FD16,6,0.7470032354125173
fe275392-241f-4592-8073-8d8b7da86cf0,FD12,3,0.5146344520886732
fe275392-241f-4592-8073-8d8b7da86cf0,FD14,8,0.7166223058057318
fe275392-241f-4592-8073-8d8b7da86cf0,FD16,5,0.7829546322148373
335297c5-c4b9-4288-90b3-c0112660dc91,FD12,14,0.6934609664089857
335297c5-c4b9-4288-90b3-c0112660dc91,FD14,7,0.7306695971632382
335297c5-c4b9-4288-90b3-c0112660dc91,FD16,10,0.7244535671611572
618c9841-3cc8-46bf-9a24-9d0b642b0919,FD12,12,0.7480978300352374
618c9841-3cc8-46bf-9a24-9d0b642b0919,FD14,12,0.7026941183440187
618c9841-3cc8-46bf-9a24-9d0b642b0919,FD16,15,0.6965762120658854
67da54c3-09e6-4712-95cf-f997c3a71158,FD12,18,0.6892692737610528
67da54c3-09e6-4712-95cf-f997c3a71158,FD14,28,0.757401312582696
67da54c3-09e6-4712-95cf-f997c3a71158,FD16,20,0.7611919833879849
72267907-4b35-4c70-ae78-074a3ce24d2e,FD12,46,0.7250210239489993
72267907-4b35-4c70-ae78-074a3ce24d2e,FD14,31,0.7228841428594773
72267907-4b35-4c70-ae78-074a3ce24d2e,FD16,31,0.7313872264258292
dd10fe00-9d72-477a-9c01-2dde44c58958,FD12,10,0.695862449104732
dd10fe00-9d72-477a-9c01-2dde44c58958,FD14,10,0.6946540605801839
dd10fe00-9d72-477a-9c01-2dde44c58958,FD16,11,0.6692781349818141
f7aa142a-f57a-4c92-8f1a-6957037babc6,FD12,9,0.7161878346676495
f7aa142a-f57a-4c92-8f1a-6957037babc6,FD14,12,0.7285948261959635
f7aa142a-f57a-4c92-8f1a-6957037babc6,FD16,8,0.7476108611887375
3fbd26d8-38f1-41cf-a328-d8c63cf5582b,FD12,38,0.7362083515922302
3fbd26d8-38f1-41cf-a328-d8c63cf5582b,FD14,33,0.7579693811886388
3fbd26d8-38f1-41cf-a328-d8c63cf5582b,FD16,31,0.7476092515499919
3c0cc753-b072-4de7-ae3f-e9f4048ffdbd,FD12,8,0.6930584656255536
3c0cc753-b072-4de7-ae3f-e9f4048ffdbd,FD14,7,0.7334581216003231
3c0cc753-b072-4de7-ae3f-e9f4048ffdbd,FD16,9,0.741543882476627
43a39b74-2154-441a-bc9e-6e88e9e03cbe,FD12,31,0.7268692811379373
43a39b74-2154-441a-bc9e-6e88e9e03cbe,FD14,33,0.7415520835115518
43a39b74-2154-441a-bc9e-6e88e9e03cbe,FD16,34,0.726017623982105
905b6a92-bc94-46b5-8d68-153b96c3a5f5,FD12,26,0.728091718742498
905b6a92-bc94-46b5-8d68-153b96c3a5f5,FD14,25,0.7167651095324349
905b6a92-bc94-46b5-8d68-153b96c3a5f5,FD16,17,0.7174269702708655
1c81ee7b-fabf-4699-bcfa-c2b717c74e1f,FD12,8,0.7104226583093767
1c81ee7b-fabf-4699-bcfa-c2b717c74e1f,FD14,9,0.6827923924079814
1c81ee7b-fabf-4699-bcfa-c2b717c74e1f,FD16,6,0.7283789183935758
70c4479d-d93f-44f5-9d8b-3a1c5141925d,FD16,4,0.7024822124221953
71ffab3f-b6ba-437e-876a-3410075395be,FD12,8,0.6931757835301784
71ffab3f-b6ba-437e-876a-3410075395be,FD14,4,0.6254915049761347
71ffab3f-b6ba-437e-876a-3410075395be,FD16,9,0.6602686610510771
1cc31c2b-c3ce-4499-b9ad-060152991cdd,FD12,7,0.7344991187166028
1cc31c2b-c3ce-4499-b9ad-060152991cdd,FD14,5,0.6883775213280431
bd4c365e-5b70-47d7-b098-d31935f951e3,FD12,13,0.7189483478271053
bd4c365e-5b70-47d7-b098-d31935f951e3,FD14,11,0.739583661406694
bd4c365e-5b70-47d7-b098-d31935f951e3,FD16,9,0.7007582563939385
50bcac9c-4a4f-421d-b165-1182975f29f9,FD12,13,0.7288110426271645
50bcac9c-4a4f-421d-b165-1182975f29f9,FD14,11,0.7363635166550804
50bcac9c-4a4f-421d-b165-1182975f29f9,FD16,11,0.6912886092975381
6bc7e9cf-c8ff-46b1-b6e2-ffe4f03c8c46,FD12,5,0.6122929282493381
6bc7e9cf-c8ff-46b1-b6e2-ffe4f03c8c46,FD14,4,0.668600903720092
6bc7e9cf-c8ff-46b1-b6e2-ffe4f03c8c46,FD16,5,0.72872149234428
f39d529a-8805-426d-9975-06ee297fd1bb,FD12,15,0.6312483904676369
f39d529a-8805-426d-9975-06ee297fd1bb,FD14,7,0.7084102938065575
f39d529a-8805-426d-9975-06ee297fd1bb,FD16,4,0.4796436512968227
a6969bb1-996d-4e21-8f54-7423aa0416a2,FD12,5,0.7525789078979397
a6969bb1-996d-4e21-8f54-7423aa0416a2,FD14,4,0.7476625205095027
a6969bb1-996d-4e21-8f54-7423aa0416a2,FD16,3,0.7460214956292714
e469d038-f6d7-46ae-ac18-f77067a803e5,FD12,9,0.7079882906834662
e469d038-f6d7-46ae-ac18-f77067a803e5,FD14,7,0.7373579642919229
e469d038-f6d7-46ae-ac18-f77067a803e5,FD16,7,0.5913724711581495
ff8603fa-72d9-42e9-ac88-a5ae4f749851,FD12,38,0.7569867975809598
ff8603fa-72d9-42e9-ac88-a5ae4f749851,FD14,32,0.7275810669197527
ff8603fa-72d9-42e9-ac88-a5ae4f749851,FD16,25,0.7406791400301596
40c3ac80-9e3a-4a32-a226-694258f4fff5,FD12,10,0.6779511361190182
40c3ac80-9e3a-4a32-a226-694258f4fff5,FD14,9,0.7654584915838176
40c3ac80-9e3a-4a32-a226-694258f4fff5,FD16,5,0.7664593867001355
a169a40c-5499-4a46-bba5-b1739a381787,FD12,12,0.7099123367211823
a169a40c-5499-4a46-bba5-b1739a381787,FD14,12,0.6881868237205878
a169a40c-5499-4a46-bba5-b1739a381787,FD16,7,0.6902726324577898
2492a837-bf8a-49e5-aeee-13b07621bebe,FD12,4,0.7756638133167212
cb93e8a5-5be1-403e-8d22-6afc73480798,FD12,6,0.6799451205562448
cb93e8a5-5be1-403e-8d22-6afc73480798,FD16,3,0.7304659545468404
23d7480e-a488-4b94-a10a-69adfa022a18,FD12,3,0.6704044925156771
23d7480e-a488-4b94-a10a-69adfa022a18,FD14,4,0.7057344877011598
23d7480e-a488-4b94-a10a-69adfa022a18,FD16,7,0.6589985495180273
56439064-6cce-4df0-bbf1-0134dc803014,FD12,9,0.8049513579770666
56439064-6cce-4df0-bbf1-0134dc803014,FD14,16,0.7394846844707386
56439064-6cce-4df0-bbf1-0134dc803014,FD16,9,0.6768003710269792
24b57a16-58a8-4c47-adc1-411e8e35379e,FD12,7,0.7614165007152949
24b57a16-58a8-4c47-adc1-411e8e35379e,FD14,4,0.6073670505657285
24b57a16-58a8-4c47-adc1-411e8e35379e,FD16,7,0.7613978962299915
9c93118b-9ac9-4e11-b191-84fe87af321b,FD12,7,0.7648339694579346
9c93118b-9ac9-4e11-b191-84fe87af321b,FD14,3,0.6810546168820362
9c93118b-9ac9-4e11-b191-84fe87af321b,FD16,4,0.6504588031229039
691a76ab-c51d-4524-a64f-fb5a2e43fb94,FD12,33,0.744333874343702
691a76ab-c51d-4524-a64f-fb5a2e43fb94,FD14,33,0.7756243316990455
691a76ab-c51d-4524-a64f-fb5a2e43fb94,FD16,31,0.7678473593768402
cb1061de-f77b-4f72-9dac-2395901f85df,FD12,11,0.6743215083618372
cb1061de-f77b-4f72-9dac-2395901f85df,FD14,14,0.6980390621840339
cb1061de-f77b-4f72-9dac-2395901f85df,FD16,15,0.7124627475258708
94d2a2f2-0d56-4b59-9a5d-ce56edbdfd84,FD12,11,0.7567777523282155
94d2a2f2-0d56-4b59-9a5d-ce56edbdfd84,FD14,14,0.7442235279653364
94d2a2f2-0d56-4b59-9a5d-ce56edbdfd84,FD16,12,0.6978530862191327
9078eae0-0c8b-4acd-946c-337d359c9c42,FD12,7,0.7635819938998402
9078eae0-0c8b-4acd-946c-337d359c9c42,FD14,9,0.7400974035142948
9078eae0-0c8b-4acd-946c-337d359c9c42,FD16,7,0.765490453214286
2e779362-b0a2-4b04-bba4-ddaf60891b29,FD12,13,0.7411786609580565
2e779362-b0a2-4b04-bba4-ddaf60891b29,FD14,11,0.6897372927042831
2e779362-b0a2-4b04-bba4-ddaf60891b29,FD16,13,0.7474462117840251
b5850a61-6140-42c4-b662-6a1a226a107f,FD12,6,0.7715839943332703
b5850a61-6140-42c4-b662-6a1a226a107f,FD14,6,0.7185129034858311
b5850a61-6140-42c4-b662-6a1a226a107f,FD16,8,0.7613334931769682
31c7c192-13fe-4eb4-8010-8ebd78aba2fa,FD12,25,0.7425797561205609
31c7c192-13fe-4eb4-8010-8ebd78aba2fa,FD14,21,0.7210361996387642
31c7c192-13fe-4eb4-8010-8ebd78aba2fa,FD16,23,0.712766964355593
6bf4875b-c76a-4263-bef6-93134848d78a,FD12,23,0.7337292500555155
6bf4875b-c76a-4263-bef6-93134848d78a,FD14,18,0.733379869997302
6bf4875b-c76a-4263-bef6-93134848d78a,FD16,21,0.7252791602914707
a20607a1-1f3f-43ed-a894-cf3fb876e155,FD12,12,0.7325240198387679
a20607a1-1f3f-43ed-a894-cf3fb876e155,FD14,4,0.7152661920265323
a20607a1-1f3f-43ed-a894-cf3fb876e155,FD16,4,0.7762882472735722
bdccfb30-c112-4707-99cd-cc984b650a4a,FD12,8,0.7040478003015719
bdccfb30-c112-4707-99cd-cc984b650a4a,FD14,5,0.75495011997438
bdccfb30-c112-4707-99cd-cc984b650a4a,FD16,7,0.698725808622648
7befb70b-7da3-4a6a-b6e3-17a9aecb089f,FD12,5,0.7434928327874718
7befb70b-7da3-4a6a-b6e3-17a9aecb089f,FD14,4,0.6084166162779775
a913af23-31d1-4f6b-bd0f-8943dfc9eb6c,FD12,8,0.7586220654833331
a913af23-31d1-4f6b-bd0f-8943dfc9eb6c,FD14,10,0.7420818382980506
a913af23-31d1-4f6b-bd0f-8943dfc9eb6c,FD16,6,0.7289040485445313
4cd25b03-f5fc-4088-ac42-f2063d5d8d32,FD12,24,0.6929464671168963
4cd25b03-f5fc-4088-ac42-f2063d5d8d32,FD14,25,0.7394603924806742
4cd25b03-f5fc-4088-ac42-f2063d5d8d32,FD16,23,0.7280937030390366
2f901f69-4258-418d-aa8c-2750ec2ee6d6,FD12,5,0.6087007946428413
2f901f69-4258-418d-aa8c-2750ec2ee6d6,FD14,7,0.6723384389185618
2f901f69-4258-418d-aa8c-2750ec2ee6d6,FD16,6,0.6844446113528366
7a920d39-5c3a-436d-a814-689fe4d69181,FD12,4,0.7385558343064639
7a920d39-5c3a-436d-a814-689fe4d69181,FD14,9,0.6799779287467808
7a920d39-5c3a-436d-a814-689fe4d69181,FD16,4,0.6681162850083802
fe6ff1fd-b2ac-407d-b8b9-bf94c5ba362a,FD12,16,0.7152714270857485
fe6ff1fd-b2ac-407d-b8b9-bf94c5ba362a,FD14,12,0.7249855583642748
fe6ff1fd-b2ac-407d-b8b9-bf94c5ba362a,FD16,9,0.7520411384356837
c2bffcd0-40a8-4a52-8fb6-6f1f15bc4188,FD12,14,0.7330734375139392
c2bffcd0-40a8-4a52-8fb6-6f1f15bc4188,FD14,16,0.725045677896122
c2bffcd0-40a8-4a52-8fb6-6f1f15bc4188,FD16,17,0.7122819869712871
6e2a2e77-f252-40b0-b4be-ea17158f3f1d,FD12,5,0.6416792829751865
6e2a2e77-f252-40b0-b4be-ea17158f3f1d,FD14,7,0.6871455875842103
6e2a2e77-f252-40b0-b4be-ea17158f3f1d,FD16,6,0.7580326108980292
bac321e1-2e12-4cb4-80d8-e2b940805033,FD12,50,0.7704706661914429
bac321e1-2e12-4cb4-80d8-e2b940805033,FD14,49,0.7775551689314318
bac321e1-2e12-4cb4-80d8-e2b940805033,FD16,47,0.7742826594445245
c62afe68-7726-4d99-9797-64a313ce062b,FD12,13,0.7477277494972963
c62afe68-7726-4d99-9797-64a313ce062b,FD14,16,0.7290449196602904
c62afe68-7726-4d99-9797-64a313ce062b,FD16,17,0.7250260041355103
bff93eaa-0e44-4a31-97d3-40f8d2aa49d5,FD12,9,0.7474926535442445
bff93eaa-0e44-4a31-97d3-40f8d2aa49d5,FD14,5,0.699814756369417
bff93eaa-0e44-4a31-97d3-40f8d2aa49d5,FD16,7,0.7321522272942181
c94bc9f5-d7bb-4ec5-ac3b-0716e73a7580,FD12,9,0.7099679253855005
c94bc9f5-d7bb-4ec5-ac3b-0716e73a7580,FD14,5,0.6731694678172342
c94bc9f5-d7bb-4ec5-ac3b-0716e73a7580,FD16,10,0.7244571088169633
b2211873-eadc-4420-90a6-05352924e2a1,FD12,14,0.7048134341462136
b2211873-eadc-4420-90a6-05352924e2a1,FD14,14,0.713296163641873
b2211873-eadc-4420-90a6-05352924e2a1,FD16,11,0.6453511537786155
c777d908-cb28-49e4-8989-38b5a6a76d7e,FD12,5,0.7326579992740694
c777d908-cb28-49e4-8989-38b5a6a76d7e,FD14,7,0.7354919072243428
c777d908-cb28-49e4-8989-38b5a6a76d7e,FD16,10,0.7316538965411097
c0c40975-5418-4f09-8b25-02f383350683,FD12,13,0.7541873078969883
c0c40975-5418-4f09-8b25-02f383350683,FD14,11,0.7188554427893289
c0c40975-5418-4f09-8b25-02f383350683,FD16,11,0.6933279898975241
66461541-9c02-45ed-9d7d-fb03bf0e8c24,FD12,15,0.7355111408824773
66461541-9c02-45ed-9d7d-fb03bf0e8c24,FD14,18,0.7181707368668668
66461541-9c02-45ed-9d7d-fb03bf0e8c24,FD16,16,0.7211465665306779
cdd8cbc8-8c32-4440-917c-731e42c6a215,FD12,27,0.7579011495811228
cdd8cbc8-8c32-4440-917c-731e42c6a215,FD14,23,0.7587198237668132
cdd8cbc8-8c32-4440-917c-731e42c6a215,FD16,18,0.7517367304140603
ca8a09b7-b5b0-4f78-b318-35d6cf970ecc,FD12,5,0.7169060014700168
ca8a09b7-b5b0-4f78-b318-35d6cf970ecc,FD14,6,0.7181474051161223
ca8a09b7-b5b0-4f78-b318-35d6cf970ecc,FD16,4,0.7950779989769134
c492b249-25a0-44ea-b547-e5be82e623b1,FD12,3,0.6279314478465421
0ebbfbe4-f576-47bf-8fe3-3265bcf7caf4,FD12,15,0.7819138841418022
0ebbfbe4-f576-47bf-8fe3-3265bcf7caf4,FD14,16,0.761403467514856
0ebbfbe4-f576-47bf-8fe3-3265bcf7caf4,FD16,16,0.7776445762221678
0d36f759-f403-4e06-ae16-15ca65fe40dd,FD12,11,0.7540616516438317
0d36f759-f403-4e06-ae16-15ca65fe40dd,FD14,13,0.7683922394755665
0d36f759-f403-4e06-ae16-15ca65fe40dd,FD16,9,0.748281475231943
e977004e-43a0-4466-ad9c-abb8f2b86fc2,FD12,9,0.6363364685339743
e977004e-43a0-4466-ad9c-abb8f2b86fc2,FD14,6,0.6668065604352095
e977004e-43a0-4466-ad9c-abb8f2b86fc2,FD16,4,0.6090439384622646
160fc14a-c8ff-4512-a12f-f0aabce8138d,FD14,7,0.7458826188154472
160fc14a-c8ff-4512-a12f-f0aabce8138d,FD16,5,0.6055536304077979
1fec59de-3f23-48b5-b378-423549829568,FD12,7,0.7085573524758193
1fec59de-3f23-48b5-b378-423549829568,FD14,6,0.7339219430124906
1fec59de-3f23-48b5-b378-423549829568,FD16,3,0.7473739786848774
a53f3309-4e21-4bdf-91b3-e541b34ab151,FD12,9,0.6637989799077518
cf0f1aa0-9ce1-4e24-b677-55fb453d7093,FD12,16,0.747164816597091
cf0f1aa0-9ce1-4e24-b677-55fb453d7093,FD14,29,0.757656779800111
cf0f1aa0-9ce1-4e24-b677-55fb453d7093,FD16,29,0.7049899965955915
5b07a7a1-acb8-404d-bdcf-6f6410d3c184,FD12,23,0.7287974191170409
5b07a7a1-acb8-404d-bdcf-6f6410d3c184,FD14,27,0.7372864415986298
5b07a7a1-acb8-404d-bdcf-6f6410d3c184,FD16,28,0.7376240957739157
20b71d34-1c1d-4369-8928-8e6cd256ee65,FD12,28,0.712524410940548
20b71d34-1c1d-4369-8928-8e6cd256ee65,FD14,26,0.7252362415471488
20b71d34-1c1d-4369-8928-8e6cd256ee65,FD16,28,0.7331386597054477
1f85090c-26d4-4df8-9bc4-02b8001c69f3,FD12,16,0.7544389009869339
1f85090c-26d4-4df8-9bc4-02b8001c69f3,FD14,17,0.7215840702180331
1f85090c-26d4-4df8-9bc4-02b8001c69f3,FD16,14,0.7047132381542371
ff46f60c-330e-4305-8589-031f261fb855,FD12,17,0.7791935370448639
ff46f60c-330e-4305-8589-031f261fb855,FD14,22,0.7348419434910489
ff46f60c-330e-4305-8589-031f261fb855,FD16,18,0.7560249765105671
4c699296-0c69-41ca-86a1-9e86e71a11b7,FD12,20,0.6812056137440543
4c699296-0c69-41ca-86a1-9e86e71a11b7,FD14,13,0.6915257548100623
4c699296-0c69-41ca-86a1-9e86e71a11b7,FD16,15,0.705930921020467
b468b47b-b1ea-440c-b749-61a0298877e9,FD12,16,0.6597649037479989
b468b47b-b1ea-440c-b749-61a0298877e9,FD14,17,0.6882978402475268
b468b47b-b1ea-440c-b749-61a0298877e9,FD16,15,0.6743215083618372
cfa4966b-e12f-44f0-aa9b-59367789d372,FD12,10,0.7272416023756103
cfa4966b-e12f-44f0-aa9b-59367789d372,FD14,9,0.7648629838905369
cfa4966b-e12f-44f0-aa9b-59367789d372,FD16,7,0.7561541711760805
b33859a2-7859-4013-94b7-ff9524652c06,FD12,20,0.7347560734907623
b33859a2-7859-4013-94b7-ff9524652c06,FD14,13,0.7058065397352362
b33859a2-7859-4013-94b7-ff9524652c06,FD16,6,0.7996899148256301
ab7bb6b3-d47d-4095-8df3-5f49ba9bb93c,FD12,7,0.7260731259175924
ab7bb6b3-d47d-4095-8df3-5f49ba9bb93c,FD14,4,0.7005982485012529
ab7bb6b3-d47d-4095-8df3-5f49ba9bb93c,FD16,7,0.7963365430974021
c7a836ed-380d-4456-934f-bf39cb301ecd,FD12,12,0.7242363602573205
c7a836ed-380d-4456-934f-bf39cb301ecd,FD14,8,0.6979151420526264
c7a836ed-380d-4456-934f-bf39cb301ecd,FD16,11,0.7479945312129361
12993bdb-3b47-4b06-8c46-b4b2b0989f32,FD12,4,0.4883270151746088
66145da6-0117-4e54-9538-334aa8893c50,FD12,17,0.694047365793218
66145da6-0117-4e54-9538-334aa8893c50,FD14,13,0.7040805911997798
66145da6-0117-4e54-9538-334aa8893c50,FD16,8,0.7486611232306437
27b87b8e-cd71-45ba-ae55-292d831a98ac,FD12,20,0.727237462239722
27b87b8e-cd71-45ba-ae55-292d831a98ac,FD14,17,0.6766025327196168
27b87b8e-cd71-45ba-ae55-292d831a98ac,FD16,24,0.7249429606746971
6e433182-be72-4281-8269-edc0e846810f,FD12,11,0.7411800975205719
6e433182-be72-4281-8269-edc0e846810f,FD14,12,0.7122611830204136
6e433182-be72-4281-8269-edc0e846810f,FD16,10,0.6877283714454137
da607e49-3f28-4cc9-a9e5-86c25185755b,FD12,11,0.7366505079708263
da607e49-3f28-4cc9-a9e5-86c25185755b,FD14,7,0.6404920691851991
a7640398-d05f-4715-b359-c0d06096f20e,FD12,8,0.7754974295489657
a7640398-d05f-4715-b359-c0d06096f20e,FD14,6,0.7851592524541019
a7640398-d05f-4715-b359-c0d06096f20e,FD16,7,0.7652189850518907
c41937e1-388d-4777-9cd3-a91bcf935308,FD12,6,0.6376226802113543
c41937e1-388d-4777-9cd3-a91bcf935308,FD14,6,0.6324292347815121
c41937e1-388d-4777-9cd3-a91bcf935308,FD16,6,0.6259773013307035
ac6e7bda-20a9-4d02-9823-09a3ec5f87ac,FD12,11,0.7038178746123511
ac6e7bda-20a9-4d02-9823-09a3ec5f87ac,FD14,12,0.6787234428828979
ac6e7bda-20a9-4d02-9823-09a3ec5f87ac,FD16,8,0.7027200484947043
528bf11a-00b6-4bc6-bd95-4018272fae20,FD12,7,0.7344865643504744
528bf11a-00b6-4bc6-bd95-4018272fae20,FD14,6,0.6842238674162971
528bf11a-00b6-4bc6-bd95-4018272fae20,FD16,7,0.6700065113218046
61a623b0-942e-445d-b6c4-39c6e6729d96,FD12,6,0.698725808622648
61a623b0-942e-445d-b6c4-39c6e6729d96,FD14,6,0.7613916069281504
61a623b0-942e-445d-b6c4-39c6e6729d96,FD16,3,0.6919418206176338
d80e1ced-d640-4311-baac-ad17eed051bf,FD12,6,0.6921568833962735
d80e1ced-d640-4311-baac-ad17eed051bf,FD14,8,0.627809133865959
d80e1ced-d640-4311-baac-ad17eed051bf,FD16,9,0.6410229954994743
b82c72d5-2a1d-488d-883d-f8cbd7b1fc5c,FD12,3,0.771687548733733
2ce66213-f402-4d3b-b2da-b2fc2489f237,FD12,46,0.7585996535831887
2ce66213-f402-4d3b-b2da-b2fc2489f237,FD14,49,0.7503675723068743
2ce66213-f402-4d3b-b2da-b2fc2489f237,FD16,50,0.7498553661999772
271732ba-8741-4fc9-bcce-76e826e2cfea,FD12,16,0.7700988341164241
271732ba-8741-4fc9-bcce-76e826e2cfea,FD14,12,0.7558499823940865
271732ba-8741-4fc9-bcce-76e826e2cfea,FD16,10,0.7659096434901481
b71c760e-a0af-40e1-ab6f-f47c91f8c397,FD12,6,0.7417281674233329
b71c760e-a0af-40e1-ab6f-f47c91f8c397,FD14,5,0.6960616810590092
b71c760e-a0af-40e1-ab6f-f47c91f8c397,FD16,3,0.7407275463369176
9ab6f6f6-7287-4985-b226-1f02cbf8abdb,FD12,10,0.7007574563210827
9ab6f6f6-7287-4985-b226-1f02cbf8abdb,FD14,10,0.6437024226250372
9ab6f6f6-7287-4985-b226-1f02cbf8abdb,FD16,9,0.6610283686366802
e2b5025e-e1d7-4374-99c8-9e6b4eba0746,FD12,32,0.7187319648976362
e2b5025e-e1d7-4374-99c8-9e6b4eba0746,FD14,31,0.6748228167342168
e2b5025e-e1d7-4374-99c8-9e6b4eba0746,FD16,27,0.6923692126051322
3fb9456d-89a3-4dd5-8b32-6125293b3b4e,FD12,11,0.7214441397921325
3fb9456d-89a3-4dd5-8b32-6125293b3b4e,FD14,10,0.7254865092324507
3fb9456d-89a3-4dd5-8b32-6125293b3b4e,FD16,9,0.7216451654985864
bbb0e3b7-5a3c-4dd3-88c7-a7d12670851b,FD12,19,0.737178946755158
bbb0e3b7-5a3c-4dd3-88c7-a7d12670851b,FD14,19,0.7645640501217681
bbb0e3b7-5a3c-4dd3-88c7-a7d12670851b,FD16,13,0.7231011620839882
b334e74e-a205-4fdb-9272-c66e69119ed6,FD12,25,0.7181668792452753
b334e74e-a205-4fdb-9272-c66e69119ed6,FD14,22,0.7598851408667392
b334e74e-a205-4fdb-9272-c66e69119ed6,FD16,34,0.7340732622286323
093aaced-ecd7-414a-863a-3174ea440d67,FD12,10,0.7191469548502576
093aaced-ecd7-414a-863a-3174ea440d67,FD14,8,0.7169989850391734
093aaced-ecd7-414a-863a-3174ea440d67,FD16,8,0.7505887494551986
52d8d40b-6463-42b4-a325-8ec18181f259,FD12,18,0.7156582535036813
52d8d40b-6463-42b4-a325-8ec18181f259,FD14,19,0.6346045709707409
52d8d40b-6463-42b4-a325-8ec18181f259,FD16,12,0.7180974088350902
ee515ae8-df2b-4326-a16a-d2e5914eaf0b,FD12,7,0.7640411125605595
ee515ae8-df2b-4326-a16a-d2e5914eaf0b,FD14,5,0.710779999416138
ee515ae8-df2b-4326-a16a-d2e5914eaf0b,FD16,8,0.7211707782363763
8370fefe-8ed3-46e9-abfc-97b58aea9573,FD12,6,0.7420236951119288
8370fefe-8ed3-46e9-abfc-97b58aea9573,FD14,5,0.6811907340786165
8370fefe-8ed3-46e9-abfc-97b58aea9573,FD16,8,0.710038648263198
84e9e5f9-6f44-4de7-998d-9faeb89530f8,FD12,10,0.7161060345563038
84e9e5f9-6f44-4de7-998d-9faeb89530f8,FD14,8,0.6768366125358742
84e9e5f9-6f44-4de7-998d-9faeb89530f8,FD16,6,0.6791487316017844
8d1c6933-aa51-47c3-bb4e-79ef1198533f,FD12,12,0.7335280222319189
8d1c6933-aa51-47c3-bb4e-79ef1198533f,FD14,6,0.6890970518070647
8d1c6933-aa51-47c3-bb4e-79ef1198533f,FD16,9,0.8138776451628016
86cb06c9-fd32-44d5-b4a6-779b33917326,FD12,12,0.7974646691701038
86cb06c9-fd32-44d5-b4a6-779b33917326,FD14,10,0.7781854996558561
86cb06c9-fd32-44d5-b4a6-779b33917326,FD16,7,0.7867170560408621
b311b94e-229b-465d-8968-918f3ea8d050,FD12,17,0.7306342765602529
b311b94e-229b-465d-8968-918f3ea8d050,FD14,17,0.7007452959123086
b311b94e-229b-465d-8968-918f3ea8d050,FD16,16,0.6627010157712238
24e9b608-248c-41f0-a2cd-db1888e63f2a,FD12,12,0.7232669798894709
24e9b608-248c-41f0-a2cd-db1888e63f2a,FD14,9,0.7139637768243681
24e9b608-248c-41f0-a2cd-db1888e63f2a,FD16,8,0.6868433394340324
d4f2aa60-42df-45ff-9e1a-7936588352ed,FD12,14,0.700743328579142
d4f2aa60-42df-45ff-9e1a-7936588352ed,FD14,10,0.6091567910291542
d4f2aa60-42df-45ff-9e1a-7936588352ed,FD16,9,0.7319276104391386
c2b98106-f4cb-49be-a33a-01b9d74e87e6,FD12,46,0.7306650045430809
c2b98106-f4cb-49be-a33a-01b9d74e87e6,FD14,49,0.7678280969371125
c2b98106-f4cb-49be-a33a-01b9d74e87e6,FD16,46,0.7727082632489597
7409bb12-3f2f-463d-a447-6d678ee19b8c,FD12,15,0.7788450772627609
7409bb12-3f2f-463d-a447-6d678ee19b8c,FD14,12,0.7375884567758704
7409bb12-3f2f-463d-a447-6d678ee19b8c,FD16,14,0.719217912422413
9c275d06-88dc-4af9-bf8c-0edeb9b3ff40,FD12,8,0.7774867676099804
9c275d06-88dc-4af9-bf8c-0edeb9b3ff40,FD14,4,0.6676099353517033
9c275d06-88dc-4af9-bf8c-0edeb9b3ff40,FD16,8,0.7195202742066121
8c53f227-6746-4b70-8944-d726aea470f8,FD12,16,0.6651937440705189
8c53f227-6746-4b70-8944-d726aea470f8,FD14,14,0.6965844877472438
8c53f227-6746-4b70-8944-d726aea470f8,FD16,14,0.6871561959258774
25453b8d-87dc-4ada-8231-3fca2ffd3114,FD12,7,0.7066945357659258
25453b8d-87dc-4ada-8231-3fca2ffd3114,FD14,3,0.7173334445752726
25453b8d-87dc-4ada-8231-3fca2ffd3114,FD16,5,0.7129190791842759
728f7885-216f-4fa9-af8b-84857011b3c7,FD12,44,0.7690077372076572
728f7885-216f-4fa9-af8b-84857011b3c7,FD14,39,0.7567186751663336
728f7885-216f-4fa9-af8b-84857011b3c7,FD16,41,0.7586036129704885
974552d3-ac50-4791-8ff8-2389e22d2670,FD12,9,0.6778414043397883
974552d3-ac50-4791-8ff8-2389e22d2670,FD14,10,0.6524537640968111
974552d3-ac50-4791-8ff8-2389e22d2670,FD16,9,0.6400247166504313
6d162dd4-a0ea-463e-b186-3f583933d5b0,FD12,34,0.7277878050997841
6d162dd4-a0ea-463e-b186-3f583933d5b0,FD14,37,0.728610735120922
6d162dd4-a0ea-463e-b186-3f583933d5b0,FD16,30,0.7402411223503897
676065cd-044d-4c40-96eb-4da7f886da6c,FD12,17,0.7665149287132749
676065cd-044d-4c40-96eb-4da7f886da6c,FD14,14,0.74588555155416
676065cd-044d-4c40-96eb-4da7f886da6c,FD16,9,0.709976428747407
2466a256-0a98-4770-9af1-678e1c9a6df0,FD12,11,0.7547869718916961
2466a256-0a98-4770-9af1-678e1c9a6df0,FD14,9,0.758182682905414
2466a256-0a98-4770-9af1-678e1c9a6df0,FD16,4,0.6925054119751084
a7b32b03-70bb-43c5-a829-da4e73dd29ab,FD12,8,0.6746266448844489
a7b32b03-70bb-43c5-a829-da4e73dd29ab,FD14,12,0.746278871093111
a7b32b03-70bb-43c5-a829-da4e73dd29ab,FD16,8,0.7179634384668043
5f2c4743-cab7-4dac-8f4a-a2fbf5a14766,FD12,6,0.6683525087731406
5f2c4743-cab7-4dac-8f4a-a2fbf5a14766,FD14,5,0.5631106948283356
5f2c4743-cab7-4dac-8f4a-a2fbf5a14766,FD16,6,0.751530813484196
1424fbbb-3ba4-4470-8575-ca02c0985deb,FD12,32,0.7272397978298926
1424fbbb-3ba4-4470-8575-ca02c0985deb,FD14,37,0.7086988665021388
1424fbbb-3ba4-4470-8575-ca02c0985deb,FD16,37,0.7380724602207736
c71c8e14-3ce3-4ed0-ad3a-d8a34f07aa97,FD12,7,0.7222754526190784
c71c8e14-3ce3-4ed0-ad3a-d8a34f07aa97,FD14,5,0.7205196829123921
c71c8e14-3ce3-4ed0-ad3a-d8a34f07aa97,FD16,12,0.7532317615434242
19a9e4ad-dae4-45f7-b204-1ef7bd4c1c87,FD12,48,0.7551292326971679
19a9e4ad-dae4-45f7-b204-1ef7bd4c1c87,FD14,49,0.7435344772704637
19a9e4ad-dae4-45f7-b204-1ef7bd4c1c87,FD16,49,0.7759304927738231
61621854-e88d-4118-be9a-0b46bc179134,FD12,12,0.7402351219452225
61621854-e88d-4118-be9a-0b46bc179134,FD14,15,0.7312871735774602
61621854-e88d-4118-be9a-0b46bc179134,FD16,15,0.742491369844373
86afdfd3-035f-46b2-92b2-bc98062f8808,FD12,7,0.7541787921008403
86afdfd3-035f-46b2-92b2-bc98062f8808,FD14,3,0.9145796579246822
86afdfd3-035f-46b2-92b2-bc98062f8808,FD16,3,0.7259854552325822
b1e64126-09fc-4597-a7c3-f53f734de663,FD12,11,0.7063474450637816
b1e64126-09fc-4597-a7c3-f53f734de663,FD14,12,0.7248615421554157
b1e64126-09fc-4597-a7c3-f53f734de663,FD16,12,0.7215998129035235
795eb28b-391c-4be1-ace0-215d17137735,FD12,4,0.610705315183494
795eb28b-391c-4be1-ace0-215d17137735,FD16,3,0.7269889998052269
e01bbdce-66b5-4aa0-a1f5-de8285c269d2,FD12,20,0.7223918637725839
e01bbdce-66b5-4aa0-a1f5-de8285c269d2,FD14,17,0.7214573816479142
e01bbdce-66b5-4aa0-a1f5-de8285c269d2,FD16,21,0.7390477017058106
aaa793c0-0f01-4b07-88e5-e48cb1cf006e,FD12,23,0.7314811534661364
aaa793c0-0f01-4b07-88e5-e48cb1cf006e,FD14,22,0.7463375840560051
aaa793c0-0f01-4b07-88e5-e48cb1cf006e,FD16,28,0.7202958417908174
4951dd35-64eb-4954-b210-6877765925cc,FD12,7,0.6986579257404206
4951dd35-64eb-4954-b210-6877765925cc,FD14,5,0.6868947070027409
4951dd35-64eb-4954-b210-6877765925cc,FD16,15,0.7191467444707043
75ef6a3c-bd85-40a3-ae45-28ac3589097b,FD12,7,0.7135937414802358
75ef6a3c-bd85-40a3-ae45-28ac3589097b,FD14,6,0.7267575633284646
75ef6a3c-bd85-40a3-ae45-28ac3589097b,FD16,7,0.6615497055515185
291f7e78-f1b5-400c-8cf2-409e2be326ad,FD12,23,0.6783870307007405
291f7e78-f1b5-400c-8cf2-409e2be326ad,FD14,25,0.7086812281799472
291f7e78-f1b5-400c-8cf2-409e2be326ad,FD16,26,0.7219939160878015
85cdd22f-8e04-4079-84d5-5f60d3fa8958,FD12,4,0.5998340507613357
563830ea-3558-46bb-a7be-2ba8b7db83ee,FD12,17,0.7297474672530921
563830ea-3558-46bb-a7be-2ba8b7db83ee,FD14,11,0.7010798880478102
563830ea-3558-46bb-a7be-2ba8b7db83ee,FD16,14,0.6778863792942263
087ede47-7744-4eed-b710-766bed93ab22,FD12,5,0.6414079427956944
087ede47-7744-4eed-b710-766bed93ab22,FD14,8,0.7201949497070479
087ede47-7744-4eed-b710-766bed93ab22,FD16,4,0.7544712496088157
ee8ea08c-bb10-4dbd-89a5-7ae19445c6ac,FD12,18,0.6954487197331842
ee8ea08c-bb10-4dbd-89a5-7ae19445c6ac,FD14,22,0.6977524608004001
ee8ea08c-bb10-4dbd-89a5-7ae19445c6ac,FD16,18,0.7392130664896992
3d89e6e6-0b5a-46a9-8949-c6ee18e8cdaf,FD16,3,0.622892825341651
a313462f-79df-429d-a1bc-028122b36176,FD12,9,0.7356006806214486
a313462f-79df-429d-a1bc-028122b36176,FD14,8,0.6305084919656956
a313462f-79df-429d-a1bc-028122b36176,FD16,10,0.73400485124621
f2546d17-9f54-4940-9560-cba6e096bf46,FD12,31,0.7177396785128973
f2546d17-9f54-4940-9560-cba6e096bf46,FD14,36,0.7140662209922374
f2546d17-9f54-4940-9560-cba6e096bf46,FD16,34,0.7420687973050824
0d533a9a-2f0e-442c-bddd-15a7437a8d22,FD12,6,0.7191024985533583
179628ce-4350-427f-b6cc-574d1e6d67c6,FD12,5,0.7550205284540459
92634020-5cc1-42c0-a38c-fc9c691d2bad,FD12,10,0.7311711023965257
92634020-5cc1-42c0-a38c-fc9c691d2bad,FD14,10,0.7179236112735699
92634020-5cc1-42c0-a38c-fc9c691d2bad,FD16,12,0.7076824949246477
f85575ba-2928-42d9-be92-d9b57227646e,FD12,6,0.6915542048343208
f85575ba-2928-42d9-be92-d9b57227646e,FD14,7,0.7527695475117783
f85575ba-2928-42d9-be92-d9b57227646e,FD16,8,0.6726270716491713
79dbc2ba-a2b4-418b-846f-247a4c76019f,FD12,9,0.6717902086120197
79dbc2ba-a2b4-418b-846f-247a4c76019f,FD14,6,0.7007574563210827
79dbc2ba-a2b4-418b-846f-247a4c76019f,FD16,9,0.6887999846866439
23aaf67b-7eea-4979-ac9c-dfcacfb6a058,FD12,18,0.710505651600523
23aaf67b-7eea-4979-ac9c-dfcacfb6a058,FD14,16,0.7076805899209195
23aaf67b-7eea-4979-ac9c-dfcacfb6a058,FD16,18,0.7387748688049631
dd142243-e19b-4bbd-b10c-e8e0cfa8c7ff,FD12,12,0.7225471985256786
dd142243-e19b-4bbd-b10c-e8e0cfa8c7ff,FD14,12,0.7160536100052852
dd142243-e19b-4bbd-b10c-e8e0cfa8c7ff,FD16,8,0.6538796172128769
207c0d59-e1a5-41d6-a60f-df0ae7070acd,FD12,10,0.7141192302101398
207c0d59-e1a5-41d6-a60f-df0ae7070acd,FD14,12,0.7058606948264012
207c0d59-e1a5-41d6-a60f-df0ae7070acd,FD16,13,0.705885060311923
09068ba7-5ff4-40e9-a5d9-4a596a0e8e50,FD12,13,0.7218653646813791
09068ba7-5ff4-40e9-a5d9-4a596a0e8e50,FD14,11,0.7067470685927926
09068ba7-5ff4-40e9-a5d9-4a596a0e8e50,FD16,14,0.7137495735988681
