url,tertile,fd_level,n_words,n_users,vocab_entropy,modal_share,mean_pair_sim
images/FD12/FD_12_0.png,Low,FD12,35,13,4.879143374026009,0.08571428571428572,0.2963326683888833
images/FD12/FD_12_0.png,Mid,FD12,32,11,4.875,0.0625,0.28492630330224833
images/FD12/FD_12_0.png,High,FD12,15,8,3.773557262275185,0.13333333333333333,0.22295123063027858
images/FD12/FD_12_1.png,Low,FD12,39,16,5.182838116298146,0.05128205128205128,0.2716138578454653
images/FD12/FD_12_1.png,Mid,FD12,20,9,4.321928094887363,0.05,0.2872464853525162
images/FD12/FD_12_1.png,High,FD12,8,6,2.75,0.25,0.3148800943295161
images/FD12/FD_12_10.png,Low,FD12,28,14,4.494680368408909,0.10714285714285714,0.285250218162934
images/FD12/FD_12_10.png,Mid,FD12,28,10,4.807354922057606,0.03571428571428571,0.27002102178831894
images/FD12/FD_12_10.png,High,FD12,18,13,4.058813890331201,0.1111111111111111,0.29935657779375713
images/FD12/FD_12_11.png,Low,FD12,27,12,4.606739354015321,0.07407407407407407,0.2923291340967019
images/FD12/FD_12_11.png,Mid,FD12,28,10,4.807354922057606,0.03571428571428571,0.27212964015702407
images/FD12/FD_12_11.png,High,FD12,11,7,3.4594316186372978,0.09090909090909091,0.254650010963281
images/FD12/FD_12_12.png,Low,FD12,19,15,4.037401197654112,0.10526315789473684,0.28415268018841744
images/FD12/FD_12_12.png,Mid,FD12,26,12,4.469670487371861,0.07692307692307693,0.286975256378452
images/FD12/FD_12_12.png,High,FD12,19,11,4.037401197654112,0.10526315789473684,0.31652356902758283
images/FD12/FD_12_13.png,Low,FD12,51,21,5.461545194870252,0.058823529411764705,0.28570134525497753
images/FD12/FD_12_13.png,Mid,FD12,12,7,3.584962500721156,0.08333333333333333,0.27156329279144603
images/FD12/FD_12_13.png,High,FD12,20,8,4.221928094887363,0.1,0.27442219272255897
images/FD12/FD_12_14.png,Low,FD12,28,14,4.735926350629035,0.07142857142857142,0.2506421299278736
images/FD12/FD_12_14.png,Mid,FD12,23,15,4.2626923908396215,0.08695652173913043,0.2822945996373892
images/FD12/FD_12_14.png,High,FD12,25,13,4.563856189774725,0.08,0.29872401187817255
images/FD12/FD_12_15.png,Low,FD12,18,11,4.058813890331201,0.1111111111111111,0.35118648275732994
images/FD12/FD_12_15.png,Mid,FD12,20,11,4.021928094887363,0.1,0.35550817479689917
images/FD12/FD_12_15.png,High,FD12,23,12,4.088779347361361,0.17391304347826086,0.3575082840025425
images/FD12/FD_12_16.png,Low,FD12,21,10,4.392317422778761,0.047619047619047616,0.26325166833897434
images/FD12/FD_12_16.png,Mid,FD12,16,10,3.875,0.125,0.2901541410386562
images/FD12/FD_12_16.png,High,FD12,16,9,3.875,0.125,0.29211462115248044
images/FD12/FD_12_17.png,Low,FD12,19,11,4.142664355548848,0.10526315789473684,0.29371016584336757
images/FD12/FD_12_17.png,Mid,FD12,33,13,4.923181998146335,0.06060606060606061,0.2611792997519175
images/FD12/FD_12_17.png,High,FD12,30,15,4.7068905956085185,0.06666666666666667,0.29507615968585016
images/FD12/FD_12_18.png,Low,FD12,15,9,3.906890595608518,0.06666666666666667,0.2996022499104341
images/FD12/FD_12_18.png,Mid,FD12,21,10,4.011365041826379,0.09523809523809523,0.33646010932823023
images/FD12/FD_12_18.png,High,FD12,34,14,4.771142620598472,0.08823529411764706,0.31720279857516287
images/FD12/FD_12_19.png,Low,FD12,20,14,3.984183719779189,0.15,0.33394109229246777
images/FD12/FD_12_19.png,Mid,FD12,19,9,4.037401197654112,0.10526315789473684,0.2664226049929857
images/FD12/FD_12_19.png,High,FD12,35,19,4.800432302535624,0.08571428571428572,0.2637445645686239
images/FD12/FD_12_2.png,Low,FD12,25,11,3.859470570797252,0.2,0.3560322378575802
images/FD12/FD_12_2.png,Mid,FD12,16,8,3.875,0.125,0.28102331106861433
images/FD12/FD_12_2.png,High,FD12,17,10,4.087462841250339,0.058823529411764705,0.26449087748924893
images/FD12/FD_12_20.png,Low,FD12,24,13,4.501629167387822,0.08333333333333333,0.24558888480067254
images/FD12/FD_12_20.png,Mid,FD12,16,12,3.875,0.125,0.30683628474672636
images/FD12/FD_12_20.png,High,FD12,23,13,4.349648912578752,0.08695652173913043,0.27561559369166694
images/FD12/FD_12_21.png,Low,FD12,27,15,4.208410187268526,0.14814814814814814,0.3072330976029237
images/FD12/FD_12_21.png,Mid,FD12,15,8,3.773557262275185,0.13333333333333333,0.29586824561158814
images/FD12/FD_12_21.png,High,FD12,26,15,4.700439718141092,0.038461538461538464,0.2689202193915844
images/FD12/FD_12_22.png,Low,FD12,19,9,3.4713544870139286,0.21052631578947367,0.354157965729634
images/FD12/FD_12_22.png,Mid,FD12,16,8,3.875,0.125,0.2579825302461783
images/FD12/FD_12_22.png,High,FD12,17,11,3.9698157824268097,0.11764705882352941,0.2496356624364853
images/FD12/FD_12_23.png,Low,FD12,28,15,4.423251796980338,0.10714285714285714,0.3179450509448846
images/FD12/FD_12_23.png,Mid,FD12,28,13,4.735926350629035,0.07142857142857142,0.2798445369054874
images/FD12/FD_12_23.png,High,FD12,26,10,4.623516641218015,0.07692307692307693,0.2838760973016421
images/FD12/FD_12_24.png,Low,FD12,26,11,4.440636352673266,0.11538461538461539,0.3243520900358756
images/FD12/FD_12_24.png,Mid,FD12,18,9,4.169925001442312,0.05555555555555555,0.26876466058194637
images/FD12/FD_12_24.png,High,FD12,25,11,4.213660689688186,0.12,0.35577563812335333
images/FD12/FD_12_25.png,Low,FD12,24,14,4.584962500721156,0.041666666666666664,0.2875700403749943
images/FD12/FD_12_25.png,Mid,FD12,35,14,4.843568731230679,0.05714285714285714,0.27399292959521215
images/FD12/FD_12_25.png,High,FD12,27,13,4.680813428089396,0.07407407407407407,0.2622549327959617
images/FD12/FD_12_26.png,Low,FD12,34,14,5.028639311838575,0.058823529411764705,0.253524570936958
images/FD12/FD_12_26.png,Mid,FD12,16,8,4.0,0.0625,0.24881953693926334
images/FD12/FD_12_26.png,High,FD12,15,8,3.6402239289418516,0.13333333333333333,0.271956252604723
images/FD12/FD_12_27.png,Low,FD12,30,12,4.906890595608519,0.03333333333333333,0.2750712479899327
images/FD12/FD_12_27.png,Mid,FD12,22,12,4.368522527728206,0.09090909090909091,0.27611568505565326
images/FD12/FD_12_27.png,High,FD12,27,13,4.532665279941247,0.07407407407407407,0.3002542589108149
images/FD12/FD_12_28.png,Low,FD12,24,14,4.334962500721156,0.08333333333333333,0.2956310914705197
images/FD12/FD_12_28.png,Mid,FD12,5,3,2.321928094887362,0.2,0.317807291050752
images/FD12/FD_12_28.png,High,FD12,24,16,4.584962500721156,0.041666666666666664,0.28874356207748253
images/FD12/FD_12_29.png,Low,FD12,35,18,4.4004323025356245,0.17142857142857143,0.32117618903517725
images/FD12/FD_12_29.png,Mid,FD12,27,12,4.680813428089396,0.07407407407407407,0.25923225792745747
images/FD12/FD_12_29.png,High,FD12,23,16,4.018794978907586,0.21739130434782608,0.2880690453077356
images/FD12/FD_12_3.png,Low,FD12,9,5,3.169925001442312,0.1111111111111111,0.31947687645753226
images/FD12/FD_12_3.png,Mid,FD12,25,13,4.373660689688185,0.12,0.2752403307085236
images/FD12/FD_12_3.png,High,FD12,22,12,4.368522527728206,0.09090909090909091,0.2890434786925713
images/FD12/FD_12_30.png,Low,FD12,46,22,4.526294499949899,0.13043478260869565,0.40687739104032516
images/FD12/FD_12_30.png,Mid,FD12,15,8,3.773557262275185,0.13333333333333333,0.33662327329317726
images/FD12/FD_12_30.png,High,FD12,34,19,4.675698135367986,0.11764705882352941,0.2988862205296755
images/FD12/FD_12_31.png,Low,FD12,21,11,4.070656113151928,0.14285714285714285,0.3470336310068766
images/FD12/FD_12_31.png,Mid,FD12,19,11,4.247927513443585,0.05263157894736842,0.3310634125272433
images/FD12/FD_12_31.png,High,FD12,26,14,4.440636352673266,0.11538461538461539,0.27643816073735555
images/FD12/FD_12_32.png,Low,FD12,16,10,3.875,0.125,0.25725469753146174
images/FD12/FD_12_32.png,Mid,FD12,28,12,4.423251796980338,0.10714285714285714,0.27787047773599627
images/FD12/FD_12_32.png,High,FD12,21,13,4.165894208390024,0.14285714285714285,0.288085007344683
images/FD12/FD_12_33.png,Low,FD12,23,11,4.349648912578752,0.08695652173913043,0.31096950168410936
images/FD12/FD_12_33.png,Mid,FD12,29,13,4.720049960644812,0.06896551724137931,0.26696908205747605
images/FD12/FD_12_33.png,High,FD12,22,14,3.8453509366224363,0.13636363636363635,0.33903940682609873
images/FD12/FD_12_34.png,Low,FD12,44,20,5.089780198035241,0.06818181818181818,0.2943473393966754
images/FD12/FD_12_34.png,Mid,FD12,29,14,4.513153408920675,0.06896551724137931,0.3266596108178298
images/FD12/FD_12_34.png,High,FD12,28,13,4.735926350629035,0.07142857142857142,0.2713048338641723
images/FD12/FD_12_35.png,Low,FD12,28,16,4.494680368408909,0.10714285714285714,0.2950921642283599
images/FD12/FD_12_35.png,Mid,FD12,29,15,4.651084443403433,0.06896551724137931,0.3002558116118113
images/FD12/FD_12_35.png,High,FD12,17,12,3.8077635764171944,0.17647058823529413,0.2837175543109576
images/FD12/FD_12_36.png,Low,FD12,26,12,4.623516641218015,0.07692307692307693,0.25645947471261027
images/FD12/FD_12_36.png,Mid,FD12,20,10,4.1219280948873624,0.1,0.31063705603281655
images/FD12/FD_12_36.png,High,FD12,25,11,4.563856189774725,0.08,0.2633712666730086
images/FD12/FD_12_37.png,Low,FD12,24,10,4.418295834054489,0.08333333333333333,0.24331879263122877
images/FD12/FD_12_37.png,Mid,FD12,32,11,5.0,0.03125,0.2648828884338339
images/FD12/FD_12_37.png,High,FD12,19,11,4.037401197654112,0.10526315789473684,0.25781379039088886
images/FD12/FD_12_38.png,Low,FD12,19,9,4.037401197654112,0.10526315789473684,0.26876372973124185
images/FD12/FD_12_38.png,Mid,FD12,29,14,4.720049960644812,0.06896551724137931,0.26449728205800055
images/FD12/FD_12_38.png,High,FD12,15,10,3.906890595608518,0.06666666666666667,0.2744483276704947
images/FD12/FD_12_39.png,Low,FD12,29,12,4.789015477886191,0.06896551724137931,0.2896542276938756
images/FD12/FD_12_39.png,Mid,FD12,10,6,3.121928094887362,0.2,0.3229807459314664
images/FD12/FD_12_39.png,High,FD12,17,10,4.087462841250339,0.058823529411764705,0.29370494519670803
images/FD12/FD_12_4.png,Low,FD12,12,9,3.584962500721156,0.08333333333333333,0.3325124389429887
images/FD12/FD_12_4.png,Mid,FD12,20,12,3.9841837197791894,0.15,0.3677710452675819
images/FD12/FD_12_4.png,High,FD12,22,13,3.879664004902594,0.18181818181818182,0.30637308858335016
images/FD12/FD_12_40.png,Low,FD12,31,14,4.825164052322361,0.06451612903225806,0.27016451026002564
images/FD12/FD_12_40.png,Mid,FD12,31,14,4.8008128425751515,0.0967741935483871,0.2582786692430576
images/FD12/FD_12_40.png,High,FD12,19,10,4.247927513443585,0.05263157894736842,0.25918104654798907
images/FD12/FD_12_41.png,Low,FD12,31,10,4.954196310386877,0.03225806451612903,0.2616630283370614
images/FD12/FD_12_41.png,Mid,FD12,25,15,4.483856189774723,0.08,0.23393355975548427
images/FD12/FD_12_41.png,High,FD12,20,13,4.221928094887363,0.1,0.28193430016438165
images/FD12/FD_12_42.png,Low,FD12,27,10,4.680813428089396,0.07407407407407407,0.2693558435390393
images/FD12/FD_12_42.png,Mid,FD12,41,18,5.144018163101899,0.07317073170731707,0.2624370071291924
images/FD12/FD_12_42.png,High,FD12,16,9,3.75,0.125,0.27262222111225126
images/FD12/FD_12_43.png,Low,FD12,27,12,4.176752669776921,0.18518518518518517,0.3438929765919844
images/FD12/FD_12_43.png,Mid,FD12,17,10,3.9698157824268097,0.11764705882352941,0.26777912490069866
images/FD12/FD_12_43.png,High,FD12,44,22,4.998871107126151,0.06818181818181818,0.2776896145443122
images/FD12/FD_12_44.png,Low,FD12,24,15,4.017894147619622,0.20833333333333334,0.2887659537543853
images/FD12/FD_12_44.png,Mid,FD12,28,13,4.735926350629035,0.07142857142857142,0.2912542244295279
images/FD12/FD_12_44.png,High,FD12,18,8,4.058813890331201,0.1111111111111111,0.26493141662329434
images/FD12/FD_12_45.png,Low,FD12,10,5,3.321928094887362,0.1,0.3315524791677793
images/FD12/FD_12_45.png,Mid,FD12,28,13,4.664497779200463,0.07142857142857142,0.30076588089267414
images/FD12/FD_12_45.png,High,FD12,20,14,3.5841837197791886,0.2,0.3151691514501969
images/FD12/FD_12_46.png,Low,FD12,22,13,4.004886164091842,0.18181818181818182,0.3179152337710063
images/FD12/FD_12_46.png,Mid,FD12,20,11,3.721928094887362,0.2,0.3264975626766682
images/FD12/FD_12_46.png,High,FD12,19,12,4.037401197654112,0.10526315789473684,0.2785837562382221
images/FD12/FD_12_47.png,Low,FD12,17,9,3.404542813342292,0.29411764705882354,0.33587067931890485
images/FD12/FD_12_47.png,Mid,FD12,19,9,3.997670276487613,0.15789473684210525,0.30322196990251543
images/FD12/FD_12_47.png,High,FD12,21,12,4.070656113151928,0.14285714285714285,0.2874450928469499
images/FD12/FD_12_48.png,Low,FD12,30,15,4.7068905956085185,0.06666666666666667,0.31056484043598176
images/FD12/FD_12_48.png,Mid,FD12,19,9,4.247927513443585,0.05263157894736842,0.2532685009265939
images/FD12/FD_12_48.png,High,FD12,30,18,4.119902579793958,0.16666666666666666,0.32861546898881594
images/FD12/FD_12_49.png,Low,FD12,26,13,4.469670487371861,0.07692307692307693,0.3065119844178359
images/FD12/FD_12_49.png,Mid,FD12,26,14,4.392747410448784,0.07692307692307693,0.27368823463718095
images/FD12/FD_12_49.png,High,FD12,26,15,4.440636352673266,0.11538461538461539,0.2750854281087716
images/FD12/FD_12_5.png,Low,FD12,23,13,4.2626923908396215,0.08695652173913043,0.27252830140292644
images/FD12/FD_12_5.png,Mid,FD12,35,13,4.936286231168866,0.08571428571428572,0.26755865193903444
images/FD12/FD_12_5.png,High,FD12,31,16,4.889680181354619,0.06451612903225806,0.28298100548485916
images/FD12/FD_12_50.png,Low,FD12,19,8,3.997670276487613,0.15789473684210525,0.2850094625726342
images/FD12/FD_12_50.png,Mid,FD12,10,9,3.121928094887362,0.2,0.27113649288813274
images/FD12/FD_12_50.png,High,FD12,38,18,5.142664355548851,0.05263157894736842,0.24403542667627334
images/FD12/FD_12_51.png,Low,FD12,20,12,4.321928094887363,0.05,0.260659608989954
images/FD12/FD_12_51.png,Mid,FD12,36,14,4.947702779220089,0.05555555555555555,0.2984479940185944
images/FD12/FD_12_51.png,High,FD12,23,13,4.349648912578752,0.08695652173913043,0.285577913125356
images/FD12/FD_12_52.png,Low,FD12,29,13,4.694019357121934,0.10344827586206896,0.32456049852073193
images/FD12/FD_12_52.png,Mid,FD12,21,8,4.070656113151928,0.14285714285714285,0.28689313172052305
images/FD12/FD_12_52.png,High,FD12,20,12,3.8841837197791893,0.15,0.32912297745545704
images/FD12/FD_12_53.png,Low,FD12,38,18,5.142664355548851,0.05263157894736842,0.27215474550922714
images/FD12/FD_12_53.png,Mid,FD12,25,15,4.403856189774724,0.08,0.28330382486184436
images/FD12/FD_12_53.png,High,FD12,20,9,4.221928094887363,0.1,0.26497157049675785
images/FD12/FD_12_54.png,Low,FD12,16,10,3.375,0.25,0.3153122692306836
images/FD12/FD_12_54.png,Mid,FD12,26,18,4.5465935642949376,0.07692307692307693,0.3052486252536376
images/FD12/FD_12_54.png,High,FD12,30,15,4.7068905956085185,0.06666666666666667,0.26735045621792475
images/FD12/FD_12_55.png,Low,FD12,27,14,4.680813428089396,0.07407407407407407,0.2620563250780106
images/FD12/FD_12_55.png,Mid,FD12,16,6,4.0,0.0625,0.27804887304703396
images/FD12/FD_12_55.png,High,FD12,21,12,4.165894208390024,0.14285714285714285,0.28185225228468574
images/FD12/FD_12_56.png,Low,FD12,7,5,2.807354922057604,0.14285714285714285,0.32865473250548044
images/FD12/FD_12_56.png,Mid,FD12,24,14,4.501629167387822,0.08333333333333333,0.26462616061170896
images/FD12/FD_12_56.png,High,FD12,21,12,4.297079327540666,0.09523809523809523,0.2925948243836562
images/FD12/FD_12_57.png,Low,FD12,23,15,3.8448819354293255,0.21739130434782608,0.3303352760275205
images/FD12/FD_12_57.png,Mid,FD12,19,10,3.997670276487613,0.15789473684210525,0.2779799500107765
images/FD12/FD_12_57.png,High,FD12,16,11,4.0,0.0625,0.31414563139279683
images/FD12/FD_12_58.png,Low,FD12,12,11,3.188721875540867,0.25,0.3223641727864742
images/FD12/FD_12_58.png,Mid,FD12,30,12,4.748394345536402,0.1,0.2798797299961249
images/FD12/FD_12_58.png,High,FD12,29,13,4.625053839880555,0.10344827586206896,0.28396270362039405
images/FD12/FD_12_59.png,Low,FD12,15,9,3.773557262275185,0.13333333333333333,0.28989719234406947
images/FD12/FD_12_59.png,Mid,FD12,36,18,4.850209029099896,0.08333333333333333,0.26823248133063315
images/FD12/FD_12_59.png,High,FD12,13,10,3.5465935642949384,0.15384615384615385,0.26594101026654243
images/FD12/FD_12_6.png,Low,FD12,16,13,3.875,0.125,0.28923108662168184
images/FD12/FD_12_6.png,Mid,FD12,27,17,3.9582291686698787,0.2222222222222222,0.31287258125841616
images/FD12/FD_12_6.png,High,FD12,17,10,3.9698157824268097,0.11764705882352941,0.26262579316894213
images/FD12/FD_12_60.png,Low,FD12,23,12,4.436605434317882,0.08695652173913043,0.29419104595979056
images/FD12/FD_12_60.png,Mid,FD12,15,11,3.4565647621309536,0.2,0.32154996767640115
images/FD12/FD_12_60.png,High,FD12,32,17,4.8125,0.0625,0.263020526021719
images/FD12/FD_12_61.png,Low,FD12,23,12,4.436605434317882,0.08695652173913043,0.26514117054641245
images/FD12/FD_12_61.png,Mid,FD12,24,14,4.168295834054489,0.16666666666666666,0.2806855136404435
images/FD12/FD_12_61.png,High,FD12,20,12,3.9219280948873623,0.2,0.27978542625904085
images/FD12/FD_12_62.png,Low,FD12,22,9,4.095795255000933,0.09090909090909091,0.2866135095059872
images/FD12/FD_12_62.png,Mid,FD12,29,13,4.720049960644813,0.06896551724137931,0.2667625760038694
images/FD12/FD_12_62.png,High,FD12,20,11,4.321928094887363,0.05,0.2660507553567489
images/FD12/FD_12_63.png,Low,FD12,40,18,4.871928094887363,0.1,0.3171854684998592
images/FD12/FD_12_63.png,Mid,FD12,45,21,4.941744485170486,0.08888888888888889,0.27556210435926914
images/FD12/FD_12_63.png,High,FD12,32,14,4.8125,0.0625,0.265074478884538
images/FD12/FD_12_64.png,Low,FD12,30,10,4.7068905956085185,0.06666666666666667,0.28778188886741796
images/FD12/FD_12_64.png,Mid,FD12,44,14,5.10693673217532,0.06818181818181818,0.305139793852965
images/FD12/FD_12_64.png,High,FD12,29,15,4.651084443403433,0.06896551724137931,0.28558367061118284
images/FD12/FD_12_65.png,Low,FD12,20,11,4.221928094887363,0.1,0.31071974769234656
images/FD12/FD_12_65.png,Mid,FD12,24,10,4.334962500721156,0.08333333333333333,0.28649931656817595
images/FD12/FD_12_65.png,High,FD12,21,10,4.011365041826379,0.09523809523809523,0.28422182604670526
images/FD12/FD_12_66.png,Low,FD12,12,6,3.584962500721156,0.08333333333333333,0.3136427919566631
images/FD12/FD_12_66.png,Mid,FD12,7,5,2.5216406363433186,0.2857142857142857,0.3473906680941582
images/FD12/FD_12_66.png,High,FD12,18,10,4.169925001442312,0.05555555555555555,0.31021504342556
images/FD12/FD_12_67.png,Low,FD12,26,12,4.469670487371861,0.07692307692307693,0.28275921553373334
images/FD12/FD_12_67.png,Mid,FD12,27,13,4.754887502163469,0.037037037037037035,0.25187395596255857
images/FD12/FD_12_67.png,High,FD12,14,10,3.2359263506290334,0.2857142857142857,0.28272036015987395
images/FD12/FD_12_68.png,Low,FD12,17,9,3.8077635764171944,0.17647058823529413,0.29031175608436266
images/FD12/FD_12_68.png,Mid,FD12,29,14,4.625053839880555,0.10344827586206896,0.2788609181344509
images/FD12/FD_12_68.png,High,FD12,27,11,4.532665279941247,0.07407407407407407,0.248404539997379
images/FD12/FD_12_69.png,Low,FD12,28,14,4.321296333684861,0.17857142857142858,0.3602193612108628
images/FD12/FD_12_69.png,Mid,FD12,19,9,3.8268748818646365,0.10526315789473684,0.28665366570154827
images/FD12/FD_12_69.png,High,FD12,29,15,4.582118926162054,0.06896551724137931,0.3036489679167668
images/FD12/FD_12_7.png,Low,FD12,20,7,4.221928094887363,0.1,0.293067065825065
images/FD12/FD_12_7.png,Mid,FD12,32,16,4.663909765557392,0.09375,0.2848129020134608
images/FD12/FD_12_7.png,High,FD12,11,9,3.2776134368191157,0.18181818181818182,0.29482346793015796
images/FD12/FD_12_70.png,Low,FD12,21,9,4.392317422778761,0.047619047619047616,0.2604118408014377
images/FD12/FD_12_70.png,Mid,FD12,27,11,4.504706483564822,0.1111111111111111,0.3112510446459055
images/FD12/FD_12_70.png,High,FD12,36,17,4.704511459715548,0.1111111111111111,0.2639258019377788
images/FD12/FD_12_71.png,Low,FD12,16,8,3.875,0.125,0.28609049995740254
images/FD12/FD_12_71.png,Mid,FD12,26,13,4.623516641218015,0.07692307692307693,0.2840549209217231
images/FD12/FD_12_71.png,High,FD12,31,18,4.760647923290103,0.06451612903225806,0.2774452229589224
images/FD12/FD_12_72.png,Low,FD12,29,12,4.461092201874919,0.10344827586206896,0.30765776890019575
images/FD12/FD_12_72.png,Mid,FD12,26,12,4.623516641218015,0.07692307692307693,0.28021957218647003
images/FD12/FD_12_72.png,High,FD12,22,13,4.0614821867207755,0.13636363636363635,0.315643407429258
images/FD12/FD_12_73.png,Low,FD12,22,10,4.152391277629866,0.13636363636363635,0.29830099080999695
images/FD12/FD_12_73.png,Mid,FD12,11,7,3.4594316186372978,0.09090909090909091,0.27026122709115347
images/FD12/FD_12_73.png,High,FD12,27,16,4.328599539040249,0.1111111111111111,0.34336677437027296
images/FD12/FD_12_74.png,Low,FD12,18,9,3.5249449750847117,0.2777777777777778,0.35698193962375324
images/FD12/FD_12_74.png,Mid,FD12,31,15,4.889680181354619,0.06451612903225806,0.2958483445768555
images/FD12/FD_12_74.png,High,FD12,16,11,4.0,0.0625,0.31599613120158515
images/FD12/FD_12_75.png,Low,FD12,17,8,3.5724694587701356,0.17647058823529413,0.2854420969635248
images/FD12/FD_12_75.png,Mid,FD12,25,13,4.453660689688185,0.12,0.27735018491744995
images/FD12/FD_12_75.png,High,FD12,27,16,4.504706483564822,0.1111111111111111,0.2672457340359688
images/FD12/FD_12_76.png,Low,FD12,21,12,3.975418017913833,0.14285714285714285,0.27908558569848535
images/FD12/FD_12_76.png,Mid,FD12,29,13,4.85798099512757,0.034482758620689655,0.2552132627864679
images/FD12/FD_12_76.png,High,FD12,23,12,4.0559581516151235,0.13043478260869565,0.311863562092185
images/FD12/FD_12_77.png,Low,FD12,25,15,4.103465189601647,0.12,0.36082142350574337
images/FD12/FD_12_77.png,Mid,FD12,20,11,4.1219280948873624,0.1,0.28046410650014875
images/FD12/FD_12_77.png,High,FD12,23,13,4.2626923908396215,0.08695652173913043,0.28977434972922006
images/FD12/FD_12_78.png,Low,FD12,9,7,3.169925001442312,0.1111111111111111,0.29240137070417405
images/FD12/FD_12_78.png,Mid,FD12,29,13,4.720049960644812,0.06896551724137931,0.28891404733061793
images/FD12/FD_12_78.png,High,FD12,16,12,3.875,0.125,0.2633113947014014
images/FD12/FD_12_79.png,Low,FD12,33,16,4.680757755722092,0.12121212121212122,0.2250015437354644
images/FD12/FD_12_79.png,Mid,FD12,19,8,4.247927513443585,0.05263157894736842,0.25628605018059414
images/FD12/FD_12_79.png,High,FD12,20,10,4.1219280948873624,0.1,0.28944920241832733
images/FD12/FD_12_8.png,Low,FD12,21,10,4.392317422778761,0.047619047619047616,0.28406698763370514
images/FD12/FD_12_8.png,Mid,FD12,25,9,4.563856189774725,0.08,0.280807619591554
images/FD12/FD_12_8.png,High,FD12,45,20,4.860600386183748,0.15555555555555556,0.30629836360613505
images/FD12/FD_12_80.png,Low,FD12,40,19,5.0719280948873635,0.05,0.28776139264305434
images/FD12/FD_12_80.png,Mid,FD12,14,8,3.8073549220576055,0.07142857142857142,0.30475937967499095
images/FD12/FD_12_80.png,High,FD12,28,12,4.664497779200463,0.07142857142857142,0.30407151783506076
images/FD12/FD_12_81.png,Low,FD12,18,10,4.058813890331201,0.1111111111111111,0.26477191492915153
images/FD12/FD_12_81.png,Mid,FD12,20,11,4.321928094887363,0.05,0.297473490908742
images/FD12/FD_12_81.png,High,FD12,29,16,4.418157288156418,0.13793103448275862,0.3164545049269994
images/FD12/FD_12_82.png,Low,FD12,20,12,4.1219280948873624,0.1,0.32430304860075315
images/FD12/FD_12_82.png,Mid,FD12,32,14,4.875,0.0625,0.3733050139248371
images/FD12/FD_12_82.png,High,FD12,32,12,4.875,0.0625,0.2836426813403765
images/FD12/FD_12_83.png,Low,FD12,15,8,3.2402239289418517,0.26666666666666666,0.30887897526224456
images/FD12/FD_12_83.png,Mid,FD12,34,19,4.793345194191516,0.11764705882352941,0.25750050919751327
images/FD12/FD_12_83.png,High,FD12,21,11,4.20184123230257,0.09523809523809523,0.2631971860428651
images/FD12/FD_12_84.png,Low,FD12,11,7,3.4594316186372978,0.09090909090909091,0.2664338793357213
images/FD12/FD_12_84.png,Mid,FD12,28,14,4.735926350629035,0.07142857142857142,0.27216369276245433
images/FD12/FD_12_84.png,High,FD12,17,9,3.8077635764171944,0.17647058823529413,0.29190545360247294
images/FD12/FD_12_85.png,Low,FD12,24,11,4.386842188131011,0.125,0.3101530368129412
images/FD12/FD_12_85.png,Mid,FD12,22,11,3.879664004902594,0.18181818181818182,0.3894875501096249
images/FD12/FD_12_85.png,High,FD12,20,11,3.8841837197791893,0.15,0.30791364813844363
images/FD12/FD_12_86.png,Low,FD12,36,16,4.94770277922009,0.05555555555555555,0.2812691202759743
images/FD12/FD_12_86.png,Mid,FD12,17,10,3.5280643115840493,0.17647058823529413,0.3285268134375413
images/FD12/FD_12_86.png,High,FD12,22,11,4.186704345910024,0.09090909090909091,0.2651116464287043
images/FD12/FD_12_87.png,Low,FD12,31,16,4.696131794257844,0.06451612903225806,0.28656269431114195
images/FD12/FD_12_87.png,Mid,FD12,16,11,3.875,0.125,0.3398038224875927
images/FD12/FD_12_87.png,High,FD12,25,14,4.293660689688185,0.12,0.2652721963077784
images/FD12/FD_12_88.png,Low,FD12,22,9,4.368522527728206,0.09090909090909091,0.27559024607141813
images/FD12/FD_12_88.png,Mid,FD12,24,15,3.6368421881310122,0.16666666666666666,0.36529351487755773
images/FD12/FD_12_88.png,High,FD12,32,13,4.851409765557392,0.09375,0.2601300237824519
images/FD12/FD_12_89.png,Low,FD12,38,18,4.945038697540245,0.07894736842105263,0.3218656511356433
images/FD12/FD_12_89.png,Mid,FD12,14,12,3.3248629576173565,0.21428571428571427,0.2854469422250986
images/FD12/FD_12_89.png,High,FD12,19,14,4.247927513443585,0.05263157894736842,0.26456757619356114
images/FD12/FD_12_9.png,Low,FD12,32,14,4.875,0.0625,0.2930590541660786
images/FD12/FD_12_9.png,Mid,FD12,32,17,4.577819531114783,0.09375,0.3043969114124775
images/FD12/FD_12_9.png,High,FD12,26,11,4.623516641218015,0.07692307692307693,0.29242604394753774
images/FD12/FD_12_90.png,Low,FD12,26,12,4.440636352673266,0.11538461538461539,0.26792632882793743
images/FD12/FD_12_90.png,Mid,FD12,13,10,3.334679141051595,0.23076923076923078,0.30495959854374327
images/FD12/FD_12_90.png,High,FD12,16,8,3.375,0.25,0.3188835931320985
images/FD12/FD_12_91.png,Low,FD12,13,6,3.5465935642949384,0.15384615384615385,0.2932456545035044
images/FD12/FD_12_91.png,Mid,FD12,21,8,3.8801799226757376,0.14285714285714285,0.3077543669939041
images/FD12/FD_12_91.png,High,FD12,35,20,4.84356873123068,0.11428571428571428,0.2936800239731868
images/FD12/FD_12_92.png,Low,FD12,27,13,4.606739354015321,0.07407407407407407,0.29046861407657465
images/FD12/FD_12_92.png,Mid,FD12,24,11,4.584962500721156,0.041666666666666664,0.30263231774171195
images/FD12/FD_12_92.png,High,FD12,30,14,4.773557262275185,0.06666666666666667,0.281866393884023
images/FD12/FD_12_93.png,Low,FD12,17,7,3.852168723603281,0.11764705882352941,0.2665412085751692
images/FD12/FD_12_93.png,Mid,FD12,35,14,5.0721401598021085,0.05714285714285714,0.2509737389286359
images/FD12/FD_12_93.png,High,FD12,24,13,4.386842188131011,0.125,0.2894465985397498
images/FD12/FD_12_94.png,Low,FD12,22,11,4.186704345910024,0.09090909090909091,0.25916566884766024
images/FD12/FD_12_94.png,Mid,FD12,18,8,4.058813890331201,0.1111111111111111,0.2829530585805575
images/FD12/FD_12_94.png,High,FD12,35,16,4.743289445392767,0.08571428571428572,0.26677991832296055
images/FD12/FD_12_95.png,Low,FD12,14,9,3.6644977792004623,0.14285714285714285,0.33772583117087684
images/FD12/FD_12_95.png,Mid,FD12,41,18,5.211210541203448,0.04878048780487805,0.2763668753951788
images/FD12/FD_12_95.png,High,FD12,17,10,3.9698157824268097,0.11764705882352941,0.26555286365250746
images/FD12/FD_12_96.png,Low,FD12,26,14,4.700439718141092,0.038461538461538464,0.2734121184051037
images/FD12/FD_12_96.png,Mid,FD12,32,15,4.875,0.0625,0.2938578125089407
images/FD12/FD_12_96.png,High,FD12,25,13,4.563856189774725,0.08,0.28657526820898055
images/FD12/FD_12_97.png,Low,FD12,19,7,4.247927513443585,0.05263157894736842,0.2786074295639992
images/FD12/FD_12_97.png,Mid,FD12,34,15,4.85216872360328,0.058823529411764705,0.31648528804381687
images/FD12/FD_12_97.png,High,FD12,40,18,5.053055907333277,0.075,0.30250087211529414
images/FD12/FD_12_98.png,Low,FD12,36,16,4.926733681937771,0.08333333333333333,0.3117757260799408
images/FD12/FD_12_98.png,Mid,FD12,29,12,4.720049960644812,0.06896551724137931,0.30904808051884175
images/FD12/FD_12_98.png,High,FD12,14,11,3.521640636343319,0.14285714285714285,0.2531617684413989
images/FD12/FD_12_99.png,Low,FD12,9,6,3.169925001442312,0.1111111111111111,0.24075791731476784
images/FD12/FD_12_99.png,Mid,FD12,20,7,3.9841837197791894,0.15,0.27052087875703973
images/FD12/FD_12_99.png,High,FD12,18,8,4.169925001442312,0.05555555555555555,0.2508039342115323
images/FD14/FD_14_0.png,Low,FD14,8,4,3.0,0.125,0.3092854332923889
images/FD14/FD_14_0.png,Mid,FD14,29,12,4.694019357121934,0.10344827586206896,0.30158052091797194
images/FD14/FD_14_0.png,High,FD14,18,11,3.8365916681089787,0.1111111111111111,0.30451825439929964
images/FD14/FD_14_1.png,Low,FD14,19,11,4.037401197654112,0.10526315789473684,0.32093961973985036
images/FD14/FD_14_1.png,Mid,FD14,42,16,5.2494602799216175,0.047619047619047616,0.2906010896464189
images/FD14/FD_14_1.png,High,FD14,18,11,3.9057645846554525,0.16666666666666666,0.29788626968860626
images/FD14/FD_14_10.png,Low,FD14,34,12,4.910992253015045,0.058823529411764705,0.2728280972937743
images/FD14/FD_14_10.png,Mid,FD14,10,8,3.321928094887362,0.1,0.24683003984391688
images/FD14/FD_14_10.png,High,FD14,25,11,4.483856189774723,0.08,0.2753511868417263
images/FD14/FD_14_11.png,Low,FD14,23,10,4.523561956057012,0.043478260869565216,0.2654325855957965
images/FD14/FD_14_11.png,Mid,FD14,25,10,4.563856189774725,0.08,0.25923567118744056
images/FD14/FD_14_11.png,High,FD14,27,16,4.606739354015321,0.07407407407407407,0.27485923409461976
images/FD14/FD_14_12.png,Low,FD14,51,23,5.593993969422475,0.0392156862745098,0.26298354659229517
images/FD14/FD_14_12.png,Mid,FD14,23,9,4.436605434317882,0.08695652173913043,0.23134368021041155
images/FD14/FD_14_12.png,High,FD14,22,11,4.243300368538957,0.13636363636363635,0.30944599335392314
images/FD14/FD_14_13.png,Low,FD14,22,11,4.186704345910024,0.09090909090909091,0.32834442568322025
images/FD14/FD_14_13.png,Mid,FD14,30,14,4.640223928941852,0.06666666666666667,0.3047494747489691
images/FD14/FD_14_13.png,High,FD14,33,16,4.718488437474714,0.09090909090909091,0.2931030498445034
images/FD14/FD_14_14.png,Low,FD14,28,10,4.735926350629035,0.07142857142857142,0.3175875951598088
images/FD14/FD_14_14.png,Mid,FD14,16,9,3.577819531114783,0.1875,0.2857177629073461
images/FD14/FD_14_14.png,High,FD14,21,15,4.297079327540666,0.09523809523809523,0.24461319287618002
images/FD14/FD_14_15.png,Low,FD14,15,8,3.773557262275185,0.13333333333333333,0.3499774241944154
images/FD14/FD_14_15.png,Mid,FD14,20,9,4.0841837197791895,0.15,0.293941674977541
images/FD14/FD_14_15.png,High,FD14,17,12,3.9698157824268097,0.11764705882352941,0.3266582986712456
images/FD14/FD_14_16.png,Low,FD14,19,10,4.247927513443585,0.05263157894736842,0.29222095509370166
images/FD14/FD_14_16.png,Mid,FD14,21,12,4.011365041826379,0.09523809523809523,0.34971492528915404
images/FD14/FD_14_16.png,High,FD14,18,12,4.169925001442312,0.05555555555555555,0.29854857491950193
images/FD14/FD_14_17.png,Low,FD14,12,8,3.584962500721156,0.08333333333333333,0.31622934569915134
images/FD14/FD_14_17.png,Mid,FD14,33,12,4.923181998146335,0.06060606060606061,0.30107428414126236
images/FD14/FD_14_17.png,High,FD14,32,18,4.75,0.0625,0.28880996122956276
images/FD14/FD_14_18.png,Low,FD14,26,10,4.5465935642949376,0.07692307692307693,0.2685781750579675
images/FD14/FD_14_18.png,Mid,FD14,32,12,4.4261085007312415,0.15625,0.3061966226249933
images/FD14/FD_14_18.png,High,FD14,21,11,4.392317422778761,0.047619047619047616,0.30594362373153366
images/FD14/FD_14_19.png,Low,FD14,27,12,4.606739354015321,0.07407407407407407,0.3093114975094795
images/FD14/FD_14_19.png,Mid,FD14,18,11,3.9057645846554525,0.16666666666666666,0.3204514191051324
images/FD14/FD_14_19.png,High,FD14,16,13,3.702819531114783,0.1875,0.2926058960457643
images/FD14/FD_14_2.png,Low,FD14,13,7,3.5465935642949384,0.15384615384615385,0.3483840880791346
images/FD14/FD_14_2.png,Mid,FD14,20,9,4.321928094887363,0.05,0.27344410339991254
images/FD14/FD_14_2.png,High,FD14,24,15,4.386842188131011,0.125,0.26398680607477826
images/FD14/FD_14_20.png,Low,FD14,9,6,2.94770277922009,0.2222222222222222,0.3165516830980778
images/FD14/FD_14_20.png,Mid,FD14,25,11,4.563856189774725,0.08,0.29636757078270115
images/FD14/FD_14_20.png,High,FD14,21,12,4.297079327540665,0.09523809523809523,0.2695185207078854
images/FD14/FD_14_21.png,Low,FD14,15,10,3.773557262275185,0.13333333333333333,0.30795708191891513
images/FD14/FD_14_21.png,Mid,FD14,20,10,3.9219280948873627,0.1,0.3108577252924442
images/FD14/FD_14_21.png,High,FD14,15,11,3.906890595608518,0.06666666666666667,0.293853790362676
images/FD14/FD_14_22.png,Low,FD14,16,9,3.875,0.125,0.28545272062222166
images/FD14/FD_14_22.png,Mid,FD14,28,13,4.52164063634332,0.14285714285714285,0.35452884244422117
images/FD14/FD_14_22.png,High,FD14,26,12,4.517559429596343,0.11538461538461539,0.24783681318163872
images/FD14/FD_14_23.png,Low,FD14,15,9,3.906890595608518,0.06666666666666667,0.27872888574997584
images/FD14/FD_14_23.png,Mid,FD14,18,10,4.058813890331201,0.1111111111111111,0.2747155120968819
images/FD14/FD_14_23.png,High,FD14,19,12,4.037401197654112,0.10526315789473684,0.29142270013689997
images/FD14/FD_14_24.png,Low,FD14,27,13,4.176752669776921,0.18518518518518517,0.2875540793438752
images/FD14/FD_14_24.png,Mid,FD14,14,8,3.6644977792004623,0.14285714285714285,0.31852500888208546
images/FD14/FD_14_24.png,High,FD14,30,15,4.453235913127291,0.16666666666666666,0.3202441868682702
images/FD14/FD_14_25.png,Low,FD14,30,16,4.840223928941851,0.06666666666666667,0.31078322395682334
images/FD14/FD_14_25.png,Mid,FD14,18,10,4.058813890331201,0.1111111111111111,0.2511717039346695
images/FD14/FD_14_25.png,High,FD14,15,9,3.773557262275185,0.13333333333333333,0.2831960469484329
images/FD14/FD_14_26.png,Low,FD14,37,17,5.209453365628953,0.02702702702702703,0.2549514742257694
images/FD14/FD_14_26.png,Mid,FD14,40,17,4.98418371977919,0.075,0.26757840253412724
images/FD14/FD_14_26.png,High,FD14,12,7,3.584962500721156,0.08333333333333333,0.3045813257495562
images/FD14/FD_14_27.png,Low,FD14,16,9,4.0,0.0625,0.2845413492123286
images/FD14/FD_14_27.png,Mid,FD14,20,10,4.221928094887363,0.1,0.26340096585452555
images/FD14/FD_14_27.png,High,FD14,21,9,4.392317422778761,0.047619047619047616,0.2558370691537857
images/FD14/FD_14_28.png,Low,FD14,28,14,4.807354922057606,0.03571428571428571,0.28800097982088724
images/FD14/FD_14_28.png,Mid,FD14,26,13,4.623516641218015,0.07692307692307693,0.3040680256485939
images/FD14/FD_14_28.png,High,FD14,15,10,3.3735572622751846,0.26666666666666666,0.36651409789919853
images/FD14/FD_14_29.png,Low,FD14,22,11,4.459431618637296,0.045454545454545456,0.2587773781518141
images/FD14/FD_14_29.png,Mid,FD14,34,14,4.6901165175936645,0.08823529411764706,0.2974947421128551
images/FD14/FD_14_29.png,High,FD14,16,6,4.0,0.0625,0.25449193455278873
images/FD14/FD_14_3.png,Low,FD14,19,11,4.247927513443585,0.05263157894736842,0.2844470747063557
images/FD14/FD_14_3.png,Mid,FD14,24,14,4.386842188131011,0.125,0.2892226391782363
images/FD14/FD_14_3.png,High,FD14,9,5,3.169925001442312,0.1111111111111111,0.25954384441177053
images/FD14/FD_14_30.png,Low,FD14,9,8,2.94770277922009,0.2222222222222222,0.2760793322573106
images/FD14/FD_14_30.png,Mid,FD14,21,10,4.392317422778761,0.047619047619047616,0.27839116171002387
images/FD14/FD_14_30.png,High,FD14,28,15,4.735926350629035,0.07142857142857142,0.2900421493748824
images/FD14/FD_14_31.png,Low,FD14,26,12,4.700439718141092,0.038461538461538464,0.2777656582991282
images/FD14/FD_14_31.png,Mid,FD14,19,9,4.142664355548848,0.10526315789473684,0.289181782801946
images/FD14/FD_14_31.png,High,FD14,24,11,4.41829583405449,0.08333333333333333,0.25183933568497496
images/FD14/FD_14_32.png,Low,FD14,39,15,5.06091792393498,0.07692307692307693,0.2594122040023406
images/FD14/FD_14_32.png,Mid,FD14,8,7,3.0,0.125,0.32015505875150363
images/FD14/FD_14_32.png,High,FD14,17,9,4.087462841250339,0.058823529411764705,0.26251679062843325
images/FD14/FD_14_33.png,Low,FD14,15,8,3.906890595608518,0.06666666666666667,0.271557385896643
images/FD14/FD_14_33.png,Mid,FD14,25,11,4.483856189774723,0.08,0.27661387282113237
images/FD14/FD_14_33.png,High,FD14,24,11,4.584962500721156,0.041666666666666664,0.2925962218393882
images/FD14/FD_14_34.png,Low,FD14,27,15,4.1804513908921015,0.2222222222222222,0.3290366779764493
images/FD14/FD_14_34.png,Mid,FD14,22,10,4.277613436819115,0.09090909090909091,0.3267138972878456
images/FD14/FD_14_34.png,High,FD14,29,16,4.237291339955158,0.13793103448275862,0.324600375307103
images/FD14/FD_14_35.png,Low,FD14,43,21,5.379753126795121,0.046511627906976744,0.2785688445220391
images/FD14/FD_14_35.png,Mid,FD14,19,14,3.8924071185928764,0.15789473684210525,0.3288417556385199
images/FD14/FD_14_35.png,High,FD14,13,7,3.546593564294939,0.15384615384615385,0.27754989912112554
images/FD14/FD_14_36.png,Low,FD14,21,9,4.392317422778761,0.047619047619047616,0.2530308327078819
images/FD14/FD_14_36.png,Mid,FD14,11,8,3.4594316186372978,0.09090909090909091,0.3302508266766866
images/FD14/FD_14_36.png,High,FD14,15,9,3.773557262275185,0.13333333333333333,0.2856469404697418
images/FD14/FD_14_37.png,Low,FD14,16,13,4.0,0.0625,0.3188574716448784
images/FD14/FD_14_37.png,Mid,FD14,26,12,4.469670487371861,0.07692307692307693,0.3077797481914361
images/FD14/FD_14_37.png,High,FD14,28,15,4.593069207771891,0.07142857142857142,0.30490037841101486
images/FD14/FD_14_38.png,Low,FD14,15,10,3.906890595608518,0.06666666666666667,0.2965369251618783
images/FD14/FD_14_38.png,Mid,FD14,27,16,4.680813428089396,0.07407407407407407,0.2598722873876492
images/FD14/FD_14_38.png,High,FD14,13,8,3.5465935642949384,0.15384615384615385,0.31023257290323575
images/FD14/FD_14_39.png,Low,FD14,16,11,3.875,0.125,0.2859300588071346
images/FD14/FD_14_39.png,Mid,FD14,34,15,5.087462841250339,0.029411764705882353,0.24904048644006252
images/FD14/FD_14_39.png,High,FD14,13,6,3.7004397181410926,0.07692307692307693,0.308031656841437
images/FD14/FD_14_4.png,Low,FD14,25,10,4.323856189774723,0.16,0.2789272845784823
images/FD14/FD_14_4.png,Mid,FD14,29,15,4.651084443403433,0.06896551724137931,0.3029757423698902
images/FD14/FD_14_4.png,High,FD14,24,15,4.303508854797678,0.125,0.3155899083862702
images/FD14/FD_14_40.png,Low,FD14,30,15,4.773557262275185,0.06666666666666667,0.2834809893555939
images/FD14/FD_14_40.png,Mid,FD14,20,9,4.221928094887363,0.1,0.2849128725628058
images/FD14/FD_14_40.png,High,FD14,18,10,4.058813890331201,0.1111111111111111,0.22325473753114541
images/FD14/FD_14_41.png,Low,FD14,25,12,4.373660689688185,0.12,0.28906917219360667
images/FD14/FD_14_41.png,Mid,FD14,22,10,4.368522527728206,0.09090909090909091,0.2878603568424781
images/FD14/FD_14_41.png,High,FD14,24,15,4.251629167387822,0.16666666666666666,0.29059410370886324
images/FD14/FD_14_42.png,Low,FD14,20,9,4.221928094887363,0.1,0.29260058169563613
images/FD14/FD_14_42.png,Mid,FD14,21,13,4.392317422778761,0.047619047619047616,0.2732908280193806
images/FD14/FD_14_42.png,High,FD14,21,12,4.297079327540666,0.09523809523809523,0.26568631678819654
images/FD14/FD_14_43.png,Low,FD14,28,15,4.321296333684861,0.17857142857142858,0.3219367426385482
images/FD14/FD_14_43.png,Mid,FD14,14,8,3.8073549220576055,0.07142857142857142,0.31890275885661445
images/FD14/FD_14_43.png,High,FD14,30,16,4.481727678869737,0.13333333333333333,0.3090883622318506
images/FD14/FD_14_44.png,Low,FD14,14,9,3.6644977792004623,0.14285714285714285,0.23230548322200775
images/FD14/FD_14_44.png,Mid,FD14,35,14,4.957854445516394,0.05714285714285714,0.2969844270249208
images/FD14/FD_14_44.png,High,FD14,17,9,3.9698157824268097,0.11764705882352941,0.285318694387873
images/FD14/FD_14_45.png,Low,FD14,29,14,4.349191770915038,0.10344827586206896,0.3347927042345206
images/FD14/FD_14_45.png,Mid,FD14,26,13,4.623516641218015,0.07692307692307693,0.28767809708913167
images/FD14/FD_14_45.png,High,FD14,16,8,3.875,0.125,0.26817755927642184
images/FD14/FD_14_46.png,Low,FD14,17,7,4.087462841250339,0.058823529411764705,0.3202511679629485
images/FD14/FD_14_46.png,Mid,FD14,36,19,4.794653473544341,0.08333333333333333,0.29990103653321665
images/FD14/FD_14_46.png,High,FD14,32,20,4.625,0.125,0.31177786452074846
images/FD14/FD_14_47.png,Low,FD14,27,11,4.606739354015321,0.07407407407407407,0.30750523472825686
images/FD14/FD_14_47.png,Mid,FD14,17,7,3.8077635764171944,0.17647058823529413,0.2881702494372924
images/FD14/FD_14_47.png,High,FD14,47,22,5.0361946394095485,0.10638297872340426,0.29479794278740884
images/FD14/FD_14_48.png,Low,FD14,17,13,3.9698157824268097,0.11764705882352941,0.3058704219261805
images/FD14/FD_14_48.png,Mid,FD14,22,12,4.004886164091842,0.18181818181818182,0.2997075619796912
images/FD14/FD_14_48.png,High,FD14,27,11,4.680813428089396,0.07407407407407407,0.2632363594323397
images/FD14/FD_14_49.png,Low,FD14,36,18,5.169925001442311,0.027777777777777776,0.3137462270259857
images/FD14/FD_14_49.png,Mid,FD14,20,12,3.984183719779189,0.15,0.33804499357938766
images/FD14/FD_14_49.png,High,FD14,20,12,4.321928094887363,0.05,0.28756733785072963
images/FD14/FD_14_5.png,Low,FD14,30,12,4.840223928941851,0.06666666666666667,0.27576582474013167
images/FD14/FD_14_5.png,Mid,FD14,24,13,4.1887218755408675,0.125,0.28720862629512944
images/FD14/FD_14_5.png,High,FD14,36,16,4.892147223664534,0.1111111111111111,0.29646785403291387
images/FD14/FD_14_50.png,Low,FD14,21,11,4.106603137064474,0.09523809523809523,0.27771987763543926
images/FD14/FD_14_50.png,Mid,FD14,28,14,4.664497779200463,0.07142857142857142,0.2892193787296613
images/FD14/FD_14_50.png,High,FD14,23,14,4.2626923908396215,0.08695652173913043,0.31063742821415263
images/FD14/FD_14_51.png,Low,FD14,30,10,4.773557262275185,0.06666666666666667,0.28973430598775546
images/FD14/FD_14_51.png,Mid,FD14,24,13,4.501629167387822,0.08333333333333333,0.29635055248936015
images/FD14/FD_14_51.png,High,FD14,21,10,4.392317422778761,0.047619047619047616,0.24781454756855964
images/FD14/FD_14_52.png,Low,FD14,28,12,4.664497779200463,0.07142857142857142,0.28023410675426325
images/FD14/FD_14_52.png,Mid,FD14,34,13,5.028639311838575,0.058823529411764705,0.2599459468573332
images/FD14/FD_14_52.png,High,FD14,20,12,4.321928094887363,0.05,0.2775772421061993
images/FD14/FD_14_53.png,Low,FD14,22,8,4.277613436819115,0.09090909090909091,0.2653639905899763
images/FD14/FD_14_53.png,Mid,FD14,15,8,3.906890595608518,0.06666666666666667,0.2994719566901525
images/FD14/FD_14_53.png,High,FD14,21,12,4.297079327540666,0.09523809523809523,0.29867101602256296
images/FD14/FD_14_54.png,Low,FD14,14,12,3.521640636343319,0.14285714285714285,0.325365479439497
images/FD14/FD_14_54.png,Mid,FD14,26,15,4.392747410448784,0.07692307692307693,0.28853839347759885
images/FD14/FD_14_54.png,High,FD14,26,17,4.363713275750189,0.11538461538461539,0.33854652144014835
images/FD14/FD_14_55.png,Low,FD14,25,11,4.483856189774723,0.08,0.28504782989621164
images/FD14/FD_14_55.png,Mid,FD14,15,8,3.773557262275185,0.13333333333333333,0.300166013588508
images/FD14/FD_14_55.png,High,FD14,50,18,5.33166338028599,0.1,0.2721389377117157
images/FD14/FD_14_56.png,Low,FD14,21,11,3.975418017913833,0.14285714285714285,0.36127725481987
images/FD14/FD_14_56.png,Mid,FD14,39,15,5.009635872652929,0.07692307692307693,0.30658166957398253
images/FD14/FD_14_56.png,High,FD14,24,13,4.136842188131012,0.125,0.34594694825510186
images/FD14/FD_14_57.png,Low,FD14,21,9,4.392317422778761,0.047619047619047616,0.2828879545132319
images/FD14/FD_14_57.png,Mid,FD14,18,9,4.169925001442312,0.05555555555555555,0.2892635302990675
images/FD14/FD_14_57.png,High,FD14,31,14,4.825164052322361,0.06451612903225806,0.29929053589701654
images/FD14/FD_14_58.png,Low,FD14,22,11,4.277613436819116,0.09090909090909091,0.27714054465293886
images/FD14/FD_14_58.png,Mid,FD14,23,13,4.1429146733542535,0.13043478260869565,0.2922224704921246
images/FD14/FD_14_58.png,High,FD14,38,18,5.037401197654113,0.05263157894736842,0.2800861746072769
images/FD14/FD_14_59.png,Low,FD14,16,9,4.0,0.0625,0.2792574382573366
images/FD14/FD_14_59.png,Mid,FD14,18,10,4.169925001442312,0.05555555555555555,0.23994807921350003
images/FD14/FD_14_59.png,High,FD14,39,18,5.112199975217031,0.07692307692307693,0.2884926517059406
images/FD14/FD_14_6.png,Low,FD14,26,13,4.392747410448784,0.07692307692307693,0.29675034468372663
images/FD14/FD_14_6.png,Mid,FD14,19,7,4.247927513443585,0.05263157894736842,0.25808812739948434
images/FD14/FD_14_6.png,High,FD14,14,8,3.8073549220576055,0.07142857142857142,0.24805394475658735
images/FD14/FD_14_60.png,Low,FD14,20,11,3.846439344671016,0.15,0.3056483786801497
images/FD14/FD_14_60.png,Mid,FD14,19,10,4.247927513443585,0.05263157894736842,0.26524187341332434
images/FD14/FD_14_60.png,High,FD14,15,8,3.906890595608518,0.06666666666666667,0.23644664406776428
images/FD14/FD_14_61.png,Low,FD14,22,10,4.368522527728206,0.09090909090909091,0.26525138715902963
images/FD14/FD_14_61.png,Mid,FD14,26,14,4.623516641218015,0.07692307692307693,0.3047206891576449
images/FD14/FD_14_61.png,High,FD14,28,17,4.423251796980338,0.10714285714285714,0.2661704420049985
images/FD14/FD_14_62.png,Low,FD14,15,7,3.906890595608518,0.06666666666666667,0.2954535596072674
images/FD14/FD_14_62.png,Mid,FD14,12,8,3.4182958340544896,0.16666666666666666,0.2864293362448613
images/FD14/FD_14_62.png,High,FD14,28,16,4.5661089398374815,0.10714285714285714,0.3251120773206155
images/FD14/FD_14_63.png,Low,FD14,17,10,3.690116517593665,0.17647058823529413,0.2764511413872242
images/FD14/FD_14_63.png,Mid,FD14,28,11,4.494680368408909,0.10714285714285714,0.3171451928466558
images/FD14/FD_14_63.png,High,FD14,18,11,2.967064753975466,0.3888888888888889,0.4066956363121669
images/FD14/FD_14_64.png,Low,FD14,17,7,3.7345216647797517,0.11764705882352941,0.32170082978904246
images/FD14/FD_14_64.png,Mid,FD14,24,12,4.418295834054489,0.08333333333333333,0.2916505007694165
images/FD14/FD_14_64.png,High,FD14,18,9,3.94770277922009,0.1111111111111111,0.28130684241652487
images/FD14/FD_14_65.png,Low,FD14,16,10,4.0,0.0625,0.3002625272423029
images/FD14/FD_14_65.png,Mid,FD14,33,15,4.756219119227336,0.09090909090909091,0.29084283865988253
images/FD14/FD_14_65.png,High,FD14,20,10,4.1219280948873624,0.1,0.29862491354346277
images/FD14/FD_14_66.png,Low,FD14,23,9,4.523561956057012,0.043478260869565216,0.2635018234451612
images/FD14/FD_14_66.png,Mid,FD14,4,4,2.0,0.25,0.27808809419473013
images/FD14/FD_14_66.png,High,FD14,22,14,4.277613436819115,0.09090909090909091,0.26994409613311293
images/FD14/FD_14_67.png,Low,FD14,37,18,4.885129041304626,0.10810810810810811,0.2798536349957188
images/FD14/FD_14_67.png,Mid,FD14,21,14,4.392317422778761,0.047619047619047616,0.2602963605398933
images/FD14/FD_14_67.png,High,FD14,18,9,4.169925001442312,0.05555555555555555,0.27792336265246076
images/FD14/FD_14_68.png,Low,FD14,33,14,4.923181998146334,0.06060606060606061,0.3000757702936729
images/FD14/FD_14_68.png,Mid,FD14,33,14,4.983788058752394,0.06060606060606061,0.2492835685486595
images/FD14/FD_14_68.png,High,FD14,21,8,4.165894208390024,0.14285714285714285,0.28213885297377905
images/FD14/FD_14_69.png,Low,FD14,33,12,4.983788058752394,0.06060606060606061,0.258239015750587
images/FD14/FD_14_69.png,Mid,FD14,13,6,3.392747410448785,0.15384615384615385,0.3224703217546145
images/FD14/FD_14_69.png,High,FD14,21,13,4.165894208390024,0.14285714285714285,0.3248060367256403
images/FD14/FD_14_7.png,Low,FD14,29,13,4.85798099512757,0.034482758620689655,0.2731997758895159
images/FD14/FD_14_7.png,Mid,FD14,16,13,3.5,0.25,0.3165807715555032
images/FD14/FD_14_7.png,High,FD14,17,9,3.9698157824268097,0.11764705882352941,0.3013225271056096
images/FD14/FD_14_70.png,Low,FD14,17,14,4.087462841250339,0.058823529411764705,0.2906065622468789
images/FD14/FD_14_70.png,Mid,FD14,12,7,3.2516291673878226,0.16666666666666666,0.32040899937351547
images/FD14/FD_14_70.png,High,FD14,31,14,4.760647923290102,0.06451612903225806,0.2492447639008363
images/FD14/FD_14_71.png,Low,FD14,21,9,4.392317422778761,0.047619047619047616,0.27457971289753913
images/FD14/FD_14_71.png,Mid,FD14,25,14,4.563856189774725,0.08,0.2571053120245536
images/FD14/FD_14_71.png,High,FD14,23,13,4.349648912578752,0.08695652173913043,0.2728328092955053
images/FD14/FD_14_72.png,Low,FD14,23,10,4.2626923908396215,0.08695652173913043,0.2908557919164499
images/FD14/FD_14_72.png,Mid,FD14,20,9,4.1219280948873624,0.1,0.2802476051449776
images/FD14/FD_14_72.png,High,FD14,34,13,5.028639311838575,0.058823529411764705,0.2691421090687315
images/FD14/FD_14_73.png,Low,FD14,20,10,4.1219280948873624,0.1,0.27914224142829575
images/FD14/FD_14_73.png,Mid,FD14,23,9,4.436605434317882,0.08695652173913043,0.31480257694919905
images/FD14/FD_14_73.png,High,FD14,14,9,3.8073549220576055,0.07142857142857142,0.2753558066487312
images/FD14/FD_14_74.png,Low,FD14,20,10,4.321928094887363,0.05,0.3078076781332493
images/FD14/FD_14_74.png,Mid,FD14,14,7,3.8073549220576055,0.07142857142857142,0.27280059017241
images/FD14/FD_14_74.png,High,FD14,19,7,4.247927513443585,0.05263157894736842,0.23504214704036713
images/FD14/FD_14_75.png,Low,FD14,24,14,4.418295834054489,0.08333333333333333,0.2781219205260277
images/FD14/FD_14_75.png,Mid,FD14,22,13,4.459431618637296,0.045454545454545456,0.2591496866196394
images/FD14/FD_14_75.png,High,FD14,12,7,3.584962500721156,0.08333333333333333,0.2660125613460938
images/FD14/FD_14_76.png,Low,FD14,14,6,3.8073549220576055,0.07142857142857142,0.3069079959392548
images/FD14/FD_14_76.png,Mid,FD14,12,7,3.584962500721156,0.08333333333333333,0.29359082276622456
images/FD14/FD_14_76.png,High,FD14,18,10,3.6835423624332306,0.16666666666666666,0.30808331561585267
images/FD14/FD_14_77.png,Low,FD14,16,7,4.0,0.0625,0.25575939392050107
images/FD14/FD_14_77.png,Mid,FD14,21,11,4.20184123230257,0.09523809523809523,0.25662408612668514
images/FD14/FD_14_77.png,High,FD14,30,16,4.640223928941852,0.06666666666666667,0.29592528857290745
images/FD14/FD_14_78.png,Low,FD14,7,5,2.5216406363433186,0.2857142857142857,0.3500382175048192
images/FD14/FD_14_78.png,Mid,FD14,34,17,4.748940047005429,0.08823529411764706,0.2892288435002168
images/FD14/FD_14_78.png,High,FD14,19,10,4.142664355548848,0.10526315789473684,0.2739369708051284
images/FD14/FD_14_79.png,Low,FD14,9,5,3.169925001442312,0.1111111111111111,0.3080895358820756
images/FD14/FD_14_79.png,Mid,FD14,14,6,3.8073549220576055,0.07142857142857142,0.32499893094102544
images/FD14/FD_14_79.png,High,FD14,16,10,3.625,0.125,0.2889645468691985
images/FD14/FD_14_8.png,Low,FD14,28,15,4.5661089398374815,0.10714285714285714,0.2851073671132326
images/FD14/FD_14_8.png,Mid,FD14,14,6,3.4677201004744997,0.21428571428571427,0.28710423558950426
images/FD14/FD_14_8.png,High,FD14,27,12,4.754887502163469,0.037037037037037035,0.2926589987426996
images/FD14/FD_14_80.png,Low,FD14,29,15,4.651084443403433,0.06896551724137931,0.291483931094408
images/FD14/FD_14_80.png,Mid,FD14,34,14,4.947613208833767,0.08823529411764706,0.24991123853872219
images/FD14/FD_14_80.png,High,FD14,22,13,4.459431618637296,0.045454545454545456,0.26031747343639533
images/FD14/FD_14_81.png,Low,FD14,19,8,4.247927513443585,0.05263157894736842,0.2822628200550874
images/FD14/FD_14_81.png,Mid,FD14,35,16,4.936286231168866,0.08571428571428572,0.28299293542901677
images/FD14/FD_14_81.png,High,FD14,18,9,3.8365916681089787,0.1111111111111111,0.3154401115079721
images/FD14/FD_14_82.png,Low,FD14,27,16,4.680813428089396,0.07407407407407407,0.2878387516240279
images/FD14/FD_14_82.png,Mid,FD14,11,8,3.2776134368191157,0.18181818181818182,0.2626660748074452
images/FD14/FD_14_82.png,High,FD14,18,9,3.8365916681089787,0.1111111111111111,0.322818111628294
images/FD14/FD_14_83.png,Low,FD14,28,11,4.735926350629035,0.07142857142857142,0.27021871954202653
images/FD14/FD_14_83.png,Mid,FD14,19,9,3.997670276487613,0.15789473684210525,0.27802790445586045
images/FD14/FD_14_83.png,High,FD14,25,14,4.373660689688185,0.12,0.3015716280539831
images/FD14/FD_14_84.png,Low,FD14,44,17,5.215002357224489,0.06818181818181818,0.3118627419074376
images/FD14/FD_14_84.png,Mid,FD14,25,13,4.563856189774725,0.08,0.26130788028240204
images/FD14/FD_14_84.png,High,FD14,30,12,4.7068905956085185,0.06666666666666667,0.2522797584285339
images/FD14/FD_14_85.png,Low,FD14,32,12,4.788909765557392,0.09375,0.28312300478418667
images/FD14/FD_14_85.png,Mid,FD14,34,13,4.96981578242681,0.058823529411764705,0.2950981860111157
images/FD14/FD_14_85.png,High,FD14,20,11,4.221928094887363,0.1,0.25011170621961354
images/FD14/FD_14_86.png,Low,FD14,31,16,4.889680181354619,0.06451612903225806,0.29292488204936185
images/FD14/FD_14_86.png,Mid,FD14,28,16,4.735926350629035,0.07142857142857142,0.29380067497491835
images/FD14/FD_14_86.png,High,FD14,23,12,4.088779347361361,0.17391304347826086,0.31685091540217397
images/FD14/FD_14_87.png,Low,FD14,20,9,4.221928094887363,0.1,0.27723923285802204
images/FD14/FD_14_87.png,Mid,FD14,36,15,4.548688113203415,0.1388888888888889,0.3060179161777099
images/FD14/FD_14_87.png,High,FD14,15,10,3.773557262275185,0.13333333333333333,0.27991670469443003
images/FD14/FD_14_88.png,Low,FD14,23,12,4.2626923908396215,0.08695652173913043,0.30650828778743744
images/FD14/FD_14_88.png,Mid,FD14,17,8,4.087462841250339,0.058823529411764705,0.2319186993688345
images/FD14/FD_14_88.png,High,FD14,16,7,3.75,0.125,0.3189831792314847
images/FD14/FD_14_89.png,Low,FD14,26,17,4.286790198827113,0.11538461538461539,0.3345634070535501
images/FD14/FD_14_89.png,Mid,FD14,21,10,4.297079327540666,0.09523809523809523,0.3073433055977027
images/FD14/FD_14_89.png,High,FD14,23,11,4.523561956057012,0.043478260869565216,0.2898057481149832
images/FD14/FD_14_9.png,Low,FD14,21,13,4.20184123230257,0.09523809523809523,0.2808194658656915
images/FD14/FD_14_9.png,Mid,FD14,16,11,3.875,0.125,0.30681549849609535
images/FD14/FD_14_9.png,High,FD14,11,9,3.4594316186372978,0.09090909090909091,0.28181136498848597
images/FD14/FD_14_90.png,Low,FD14,12,7,3.584962500721156,0.08333333333333333,0.2521359020471573
images/FD14/FD_14_90.png,Mid,FD14,13,7,3.7004397181410926,0.07692307692307693,0.26065081998705864
images/FD14/FD_14_90.png,High,FD14,18,10,4.058813890331201,0.1111111111111111,0.2639752897620201
images/FD14/FD_14_91.png,Low,FD14,27,16,4.532665279941247,0.07407407407407407,0.2672069160888592
images/FD14/FD_14_91.png,Mid,FD14,26,13,4.161978179679553,0.15384615384615385,0.35539851966003577
images/FD14/FD_14_91.png,High,FD14,34,17,4.947613208833767,0.08823529411764706,0.2903984800601999
images/FD14/FD_14_92.png,Low,FD14,21,6,4.297079327540666,0.09523809523809523,0.2645499157160521
images/FD14/FD_14_92.png,Mid,FD14,19,7,4.247927513443585,0.05263157894736842,0.26565037079155446
images/FD14/FD_14_92.png,High,FD14,34,16,4.96981578242681,0.058823529411764705,0.2825710882991552
images/FD14/FD_14_93.png,Low,FD14,37,17,4.12907043451984,0.2702702702702703,0.3204387706518173
images/FD14/FD_14_93.png,Mid,FD14,15,8,3.2402239289418517,0.26666666666666666,0.30709421639641127
images/FD14/FD_14_93.png,High,FD14,32,17,4.045958593344349,0.28125,0.32794622639815013
images/FD14/FD_14_94.png,Low,FD14,29,10,4.789015477886191,0.06896551724137931,0.28334789618849754
images/FD14/FD_14_94.png,Mid,FD14,20,9,4.1219280948873624,0.1,0.2945830401778221
images/FD14/FD_14_94.png,High,FD14,27,8,4.606739354015321,0.07407407407407407,0.28213454763094586
images/FD14/FD_14_95.png,Low,FD14,25,9,4.403856189774724,0.08,0.31407856131593387
images/FD14/FD_14_95.png,Mid,FD14,15,8,3.906890595608518,0.06666666666666667,0.3459037085870902
images/FD14/FD_14_95.png,High,FD14,24,12,4.584962500721156,0.041666666666666664,0.254041814741989
images/FD14/FD_14_96.png,Low,FD14,19,10,4.247927513443585,0.05263157894736842,0.2727198315163453
images/FD14/FD_14_96.png,Mid,FD14,26,15,4.3637132757501895,0.11538461538461539,0.30999944331745305
images/FD14/FD_14_96.png,High,FD14,38,18,5.19529593449622,0.05263157894736842,0.26211914552996557
images/FD14/FD_14_97.png,Low,FD14,19,14,4.142664355548848,0.10526315789473684,0.3000311383605003
images/FD14/FD_14_97.png,Mid,FD14,24,11,4.303508854797678,0.125,0.3321137171983719
images/FD14/FD_14_97.png,High,FD14,14,6,3.6644977792004623,0.14285714285714285,0.23356128459175426
images/FD14/FD_14_98.png,Low,FD14,24,12,4.303508854797678,0.125,0.2742257243146499
images/FD14/FD_14_98.png,Mid,FD14,21,10,4.392317422778761,0.047619047619047616,0.27818186389903227
images/FD14/FD_14_98.png,High,FD14,27,14,4.680813428089396,0.07407407407407407,0.28525345360239346
images/FD14/FD_14_99.png,Low,FD14,20,13,4.221928094887363,0.1,0.26417982247968513
images/FD14/FD_14_99.png,Mid,FD14,27,14,4.430632409490748,0.1111111111111111,0.3039225144684315
images/FD14/FD_14_99.png,High,FD14,24,12,4.334962500721156,0.08333333333333333,0.3235672811170419
images/FD16/FD_16_0.png,Low,FD16,21,11,4.297079327540666,0.09523809523809523,0.2786798579990864
images/FD16/FD_16_0.png,Mid,FD16,29,15,4.720049960644812,0.06896551724137931,0.28928724649051824
images/FD16/FD_16_0.png,High,FD16,32,15,4.702819531114783,0.09375,0.29673940007885297
images/FD16/FD_16_1.png,Low,FD16,18,10,3.6416041678685933,0.16666666666666666,0.34847959111134214
images/FD16/FD_16_1.png,Mid,FD16,21,10,4.392317422778761,0.047619047619047616,0.26432006450990836
images/FD16/FD_16_1.png,High,FD16,23,12,4.436605434317882,0.08695652173913043,0.2801476914683978
images/FD16/FD_16_10.png,Low,FD16,17,8,3.9698157824268097,0.11764705882352941,0.30927978980044524
images/FD16/FD_16_10.png,Mid,FD16,21,10,4.392317422778761,0.047619047619047616,0.28861389989654224
images/FD16/FD_16_10.png,High,FD16,31,14,4.825164052322361,0.06451612903225806,0.2530555219451586
images/FD16/FD_16_11.png,Low,FD16,24,12,4.584962500721156,0.041666666666666664,0.28319955363869664
images/FD16/FD_16_11.png,Mid,FD16,26,12,4.623516641218015,0.07692307692307693,0.2605498849352201
images/FD16/FD_16_11.png,High,FD16,16,8,4.0,0.0625,0.2801035598417123
images/FD16/FD_16_12.png,Low,FD16,38,15,5.19529593449622,0.05263157894736842,0.2611623783906301
images/FD16/FD_16_12.png,Mid,FD16,20,15,4.0841837197791895,0.15,0.27078529343008995
images/FD16/FD_16_12.png,High,FD16,35,17,4.936286231168866,0.08571428571428572,0.29185856133699417
images/FD16/FD_16_13.png,Low,FD16,19,9,4.037401197654112,0.10526315789473684,0.32201159397761026
images/FD16/FD_16_13.png,Mid,FD16,30,12,4.840223928941851,0.06666666666666667,0.2799187818169594
images/FD16/FD_16_13.png,High,FD16,12,8,3.584962500721156,0.08333333333333333,0.25351121336221694
images/FD16/FD_16_14.png,Low,FD16,18,9,4.058813890331201,0.1111111111111111,0.2548674658189217
images/FD16/FD_16_14.png,Mid,FD16,19,8,4.142664355548848,0.10526315789473684,0.2779958621909221
images/FD16/FD_16_14.png,High,FD16,23,10,4.349648912578752,0.08695652173913043,0.28471609166512885
images/FD16/FD_16_15.png,Low,FD16,36,14,4.495906598484245,0.16666666666666666,0.3025015388677518
images/FD16/FD_16_15.png,Mid,FD16,13,6,3.7004397181410926,0.07692307692307693,0.26050614992777504
images/FD16/FD_16_15.png,High,FD16,16,8,3.875,0.125,0.3239383269349734
images/FD16/FD_16_16.png,Low,FD16,12,10,3.584962500721156,0.08333333333333333,0.3125371553997199
images/FD16/FD_16_16.png,Mid,FD16,21,11,4.392317422778761,0.047619047619047616,0.32761085018515584
images/FD16/FD_16_16.png,High,FD16,12,10,3.584962500721156,0.08333333333333333,0.25694347187876704
images/FD16/FD_16_17.png,Low,FD16,19,11,4.247927513443585,0.05263157894736842,0.2537089211245378
images/FD16/FD_16_17.png,Mid,FD16,27,13,4.754887502163469,0.037037037037037035,0.29758889846503733
images/FD16/FD_16_17.png,High,FD16,19,9,4.037401197654112,0.10526315789473684,0.29881328880786895
images/FD16/FD_16_18.png,Low,FD16,24,15,4.584962500721156,0.041666666666666664,0.2818646405885617
images/FD16/FD_16_18.png,Mid,FD16,17,9,3.9698157824268097,0.11764705882352941,0.30188988894224167
images/FD16/FD_16_18.png,High,FD16,27,14,4.606739354015321,0.07407407407407407,0.25650712934633096
images/FD16/FD_16_19.png,Low,FD16,21,9,4.297079327540666,0.09523809523809523,0.3003636730462313
images/FD16/FD_16_19.png,Mid,FD16,38,15,4.563716987127798,0.21052631578947367,0.32680595859885214
images/FD16/FD_16_19.png,High,FD16,10,10,3.121928094887362,0.2,0.35605987747510276
images/FD16/FD_16_2.png,Low,FD16,31,17,4.696131794257845,0.12903225806451613,0.30768544219434263
images/FD16/FD_16_2.png,Mid,FD16,14,7,3.378783493486176,0.14285714285714285,0.37344435398777326
images/FD16/FD_16_2.png,High,FD16,29,11,4.720049960644812,0.06896551724137931,0.26381468611458936
images/FD16/FD_16_20.png,Low,FD16,28,13,4.735926350629035,0.07142857142857142,0.2809698480864366
images/FD16/FD_16_20.png,Mid,FD16,17,11,3.852168723603281,0.11764705882352941,0.32927494650085765
images/FD16/FD_16_20.png,High,FD16,5,4,2.321928094887362,0.2,0.17978752148648103
images/FD16/FD_16_21.png,Low,FD16,17,10,3.9698157824268097,0.11764705882352941,0.2856809939692418
images/FD16/FD_16_21.png,Mid,FD16,38,18,5.142664355548851,0.05263157894736842,0.2841892327616612
images/FD16/FD_16_21.png,High,FD16,21,12,4.392317422778761,0.047619047619047616,0.30456125646829607
images/FD16/FD_16_22.png,Low,FD16,27,11,4.606739354015321,0.07407407407407407,0.2801963134358327
images/FD16/FD_16_22.png,Mid,FD16,23,13,4.436605434317882,0.08695652173913043,0.2862941885491212
images/FD16/FD_16_22.png,High,FD16,17,8,4.087462841250339,0.058823529411764705,0.2664880682528019
images/FD16/FD_16_23.png,Low,FD16,17,9,4.087462841250339,0.058823529411764705,0.28742381766438485
images/FD16/FD_16_23.png,Mid,FD16,22,12,4.368522527728206,0.09090909090909091,0.2858924420426289
images/FD16/FD_16_23.png,High,FD16,21,14,4.20184123230257,0.09523809523809523,0.27004397893945375
images/FD16/FD_16_24.png,Low,FD16,36,19,5.169925001442311,0.027777777777777776,0.27362314231693746
images/FD16/FD_16_24.png,Mid,FD16,27,10,4.754887502163469,0.037037037037037035,0.2607570145527522
images/FD16/FD_16_24.png,High,FD16,25,13,4.563856189774725,0.08,0.2525494189063708
images/FD16/FD_16_25.png,Low,FD16,17,10,3.9698157824268097,0.11764705882352941,0.26812287606298923
images/FD16/FD_16_25.png,Mid,FD16,18,10,4.058813890331201,0.1111111111111111,0.2615332557509343
images/FD16/FD_16_25.png,High,FD16,29,19,4.789015477886191,0.06896551724137931,0.2714638343453407
images/FD16/FD_16_26.png,Low,FD16,10,6,3.321928094887362,0.1,0.27899006992578507
images/FD16/FD_16_26.png,Mid,FD16,14,8,3.8073549220576055,0.07142857142857142,0.2529792363444964
images/FD16/FD_16_26.png,High,FD16,12,7,3.0220552088742,0.25,0.3365962107727925
images/FD16/FD_16_27.png,Low,FD16,15,7,3.773557262275185,0.13333333333333333,0.27484390790263813
images/FD16/FD_16_27.png,Mid,FD16,24,14,4.501629167387822,0.08333333333333333,0.27323843628168104
images/FD16/FD_16_27.png,High,FD16,10,8,3.321928094887362,0.1,0.297685435762008
images/FD16/FD_16_28.png,Low,FD16,16,8,4.0,0.0625,0.2211257786800464
images/FD16/FD_16_28.png,Mid,FD16,11,7,3.2776134368191157,0.18181818181818182,0.31128794598082704
images/FD16/FD_16_28.png,High,FD16,33,14,4.923181998146334,0.06060606060606061,0.28083895094692707
images/FD16/FD_16_29.png,Low,FD16,20,10,4.321928094887363,0.05,0.2525511983068039
images/FD16/FD_16_29.png,Mid,FD16,25,11,4.403856189774724,0.08,0.3380229021360477
images/FD16/FD_16_29.png,High,FD16,18,7,4.058813890331201,0.1111111111111111,0.30557780201236406
images/FD16/FD_16_3.png,Low,FD16,11,8,3.4594316186372978,0.09090909090909091,0.30544564326604207
images/FD16/FD_16_3.png,Mid,FD16,21,8,4.165894208390024,0.14285714285714285,0.32975673546393713
images/FD16/FD_16_3.png,High,FD16,11,10,3.4594316186372978,0.09090909090909091,0.289895510772864
images/FD16/FD_16_30.png,Low,FD16,14,8,3.8073549220576055,0.07142857142857142,0.2695681525766849
images/FD16/FD_16_30.png,Mid,FD16,15,6,3.906890595608518,0.06666666666666667,0.26354518776138625
images/FD16/FD_16_30.png,High,FD16,30,16,4.773557262275185,0.06666666666666667,0.3023736194521189
images/FD16/FD_16_31.png,Low,FD16,17,9,4.087462841250339,0.058823529411764705,0.25025494188070296
images/FD16/FD_16_31.png,Mid,FD16,41,15,5.211210541203448,0.04878048780487805,0.30174760565161707
images/FD16/FD_16_31.png,High,FD16,30,16,4.773557262275185,0.06666666666666667,0.29817834513882796
images/FD16/FD_16_32.png,Low,FD16,32,16,5.0,0.03125,0.2405511241282026
images/FD16/FD_16_32.png,Mid,FD16,17,10,4.087462841250339,0.058823529411764705,0.27872005427877106
images/FD16/FD_16_32.png,High,FD16,27,11,4.754887502163469,0.037037037037037035,0.27708438523113726
images/FD16/FD_16_33.png,Low,FD16,19,10,4.037401197654112,0.10526315789473684,0.29129234383503594
images/FD16/FD_16_33.png,Mid,FD16,31,17,4.889680181354619,0.06451612903225806,0.2739938914279143
images/FD16/FD_16_33.png,High,FD16,26,13,4.623516641218015,0.07692307692307693,0.2839129660775264
images/FD16/FD_16_34.png,Low,FD16,31,14,4.825164052322361,0.06451612903225806,0.26788900380333264
images/FD16/FD_16_34.png,Mid,FD16,24,12,4.584962500721156,0.041666666666666664,0.28913860201835634
images/FD16/FD_16_34.png,High,FD16,15,8,3.773557262275185,0.13333333333333333,0.2891512860357761
images/FD16/FD_16_35.png,Low,FD16,10,7,3.321928094887362,0.1,0.27592424586415293
images/FD16/FD_16_35.png,Mid,FD16,42,17,5.344698375159712,0.047619047619047616,0.2918513090411822
images/FD16/FD_16_35.png,High,FD16,11,8,3.4594316186372978,0.09090909090909091,0.3263176868855953
images/FD16/FD_16_36.png,Low,FD16,24,11,4.418295834054489,0.08333333333333333,0.2977540207405885
images/FD16/FD_16_36.png,Mid,FD16,18,9,4.058813890331201,0.1111111111111111,0.29623511552810666
images/FD16/FD_16_36.png,High,FD16,19,9,3.9321380397593746,0.10526315789473684,0.32861381307244303
images/FD16/FD_16_37.png,Low,FD16,18,10,4.058813890331201,0.1111111111111111,0.31768303252756597
images/FD16/FD_16_37.png,Mid,FD16,25,11,4.483856189774723,0.08,0.3068841594705979
images/FD16/FD_16_37.png,High,FD16,43,21,5.240218243074191,0.046511627906976744,0.2693962619577845
images/FD16/FD_16_38.png,Low,FD16,20,8,4.221928094887363,0.1,0.27388912059366705
images/FD16/FD_16_38.png,Mid,FD16,25,12,4.643856189774724,0.04,0.26305145310858885
images/FD16/FD_16_38.png,High,FD16,28,13,4.52164063634332,0.14285714285714285,0.2823251213381688
images/FD16/FD_16_39.png,Low,FD16,24,13,4.584962500721156,0.041666666666666664,0.2559014688183864
images/FD16/FD_16_39.png,Mid,FD16,17,11,4.087462841250339,0.058823529411764705,0.26607113353908063
images/FD16/FD_16_39.png,High,FD16,17,11,4.087462841250339,0.058823529411764705,0.262702811807394
images/FD16/FD_16_4.png,Low,FD16,23,8,4.436605434317882,0.08695652173913043,0.2618356222410997
images/FD16/FD_16_4.png,Mid,FD16,25,12,4.643856189774724,0.04,0.26967813896636167
images/FD16/FD_16_4.png,High,FD16,40,16,5.2719280948873655,0.05,0.26321788887182873
images/FD16/FD_16_40.png,Low,FD16,15,7,3.906890595608518,0.06666666666666667,0.2587699652214845
images/FD16/FD_16_40.png,Mid,FD16,25,11,4.483856189774723,0.08,0.2802695211271445
images/FD16/FD_16_40.png,High,FD16,22,9,4.368522527728206,0.09090909090909091,0.26502267877260843
images/FD16/FD_16_41.png,Low,FD16,24,11,4.584962500721156,0.041666666666666664,0.261966375336051
images/FD16/FD_16_41.png,Mid,FD16,12,6,3.4182958340544896,0.16666666666666666,0.28828567430377006
images/FD16/FD_16_41.png,High,FD16,18,9,4.058813890331201,0.1111111111111111,0.30768859955171746
images/FD16/FD_16_42.png,Low,FD16,17,11,4.087462841250339,0.058823529411764705,0.2684790065387885
images/FD16/FD_16_42.png,Mid,FD16,19,11,4.142664355548848,0.10526315789473684,0.26853809403876466
images/FD16/FD_16_42.png,High,FD16,18,8,4.058813890331201,0.1111111111111111,0.28424040647844473
images/FD16/FD_16_43.png,Low,FD16,13,9,3.7004397181410926,0.07692307692307693,0.3278504756589731
images/FD16/FD_16_43.png,Mid,FD16,25,11,4.563856189774725,0.08,0.26369586220631996
images/FD16/FD_16_43.png,High,FD16,20,11,4.221928094887363,0.1,0.2628349794199069
images/FD16/FD_16_44.png,Low,FD16,13,9,3.5465935642949384,0.15384615384615385,0.2905472954114278
images/FD16/FD_16_44.png,Mid,FD16,28,11,4.807354922057606,0.03571428571428571,0.24405123467246692
images/FD16/FD_16_44.png,High,FD16,16,9,4.0,0.0625,0.2880865694085757
images/FD16/FD_16_45.png,Low,FD16,14,6,3.8073549220576055,0.07142857142857142,0.23241844673951467
images/FD16/FD_16_45.png,Mid,FD16,19,11,4.247927513443585,0.05263157894736842,0.2720762912929058
images/FD16/FD_16_45.png,High,FD16,12,9,3.584962500721156,0.08333333333333333,0.2516669225444396
images/FD16/FD_16_46.png,Low,FD16,7,6,2.807354922057604,0.14285714285714285,0.3232128822306792
images/FD16/FD_16_46.png,Mid,FD16,21,11,4.392317422778761,0.047619047619047616,0.27485246499379473
images/FD16/FD_16_46.png,High,FD16,16,9,3.875,0.125,0.28905416212975976
images/FD16/FD_16_47.png,Low,FD16,21,14,4.297079327540666,0.09523809523809523,0.3362071430683136
images/FD16/FD_16_47.png,Mid,FD16,29,17,4.720049960644812,0.06896551724137931,0.302962634563446
images/FD16/FD_16_47.png,High,FD16,20,11,4.0841837197791895,0.15,0.2962264075875282
images/FD16/FD_16_48.png,Low,FD16,23,10,4.523561956057012,0.043478260869565216,0.28477880959709484
images/FD16/FD_16_48.png,Mid,FD16,17,9,4.087462841250339,0.058823529411764705,0.2889775688946247
images/FD16/FD_16_48.png,High,FD16,13,8,3.7004397181410926,0.07692307692307693,0.2812342206140359
images/FD16/FD_16_49.png,Low,FD16,24,12,4.501629167387822,0.08333333333333333,0.296474272881945
images/FD16/FD_16_49.png,Mid,FD16,18,15,3.94770277922009,0.1111111111111111,0.291035036817193
images/FD16/FD_16_49.png,High,FD16,13,11,3.7004397181410926,0.07692307692307693,0.2859884813676278
images/FD16/FD_16_5.png,Low,FD16,10,7,3.321928094887362,0.1,0.28216138025124865
images/FD16/FD_16_5.png,Mid,FD16,13,9,3.7004397181410926,0.07692307692307693,0.29651532992720603
images/FD16/FD_16_5.png,High,FD16,28,12,4.5661089398374815,0.10714285714285714,0.3256203341980775
images/FD16/FD_16_50.png,Low,FD16,24,12,4.501629167387822,0.08333333333333333,0.28030502845843636
images/FD16/FD_16_50.png,Mid,FD16,22,10,4.243300368538957,0.13636363636363635,0.2646768837546309
images/FD16/FD_16_50.png,High,FD16,35,21,4.800432302535624,0.08571428571428572,0.29908736392855645
images/FD16/FD_16_51.png,Low,FD16,34,12,4.748940047005429,0.08823529411764706,0.28101909349362053
images/FD16/FD_16_51.png,Mid,FD16,17,9,3.9698157824268097,0.11764705882352941,0.3263951538999875
images/FD16/FD_16_51.png,High,FD16,24,14,4.136842188131012,0.125,0.33686196198066076
images/FD16/FD_16_52.png,Low,FD16,11,6,3.4594316186372978,0.09090909090909091,0.2840189381937186
images/FD16/FD_16_52.png,Mid,FD16,24,11,4.501629167387822,0.08333333333333333,0.2942276050398747
images/FD16/FD_16_52.png,High,FD16,25,10,4.563856189774725,0.08,0.27929850821693736
images/FD16/FD_16_53.png,Low,FD16,14,9,3.4677201004744997,0.21428571428571427,0.310455988595883
images/FD16/FD_16_53.png,Mid,FD16,13,4,3.7004397181410926,0.07692307692307693,0.2769189158082008
images/FD16/FD_16_53.png,High,FD16,15,9,3.906890595608518,0.06666666666666667,0.27341852374374864
images/FD16/FD_16_54.png,Low,FD16,30,14,4.840223928941851,0.06666666666666667,0.23739960347612699
images/FD16/FD_16_54.png,Mid,FD16,33,15,4.983788058752394,0.06060606060606061,0.3116202628860871
images/FD16/FD_16_54.png,High,FD16,23,12,4.018794978907586,0.21739130434782608,0.30652099018295603
images/FD16/FD_16_55.png,Low,FD16,24,12,4.501629167387822,0.08333333333333333,0.2611158420145512
images/FD16/FD_16_55.png,Mid,FD16,28,8,4.735926350629035,0.07142857142857142,0.2642347809051474
images/FD16/FD_16_55.png,High,FD16,13,7,3.5465935642949384,0.15384615384615385,0.27410472666223845
images/FD16/FD_16_56.png,Low,FD16,17,13,3.9698157824268097,0.11764705882352941,0.276927385777235
images/FD16/FD_16_56.png,Mid,FD16,27,14,4.754887502163469,0.037037037037037035,0.2579978661735853
images/FD16/FD_16_56.png,High,FD16,24,13,4.584962500721156,0.041666666666666664,0.2451988723874092
images/FD16/FD_16_57.png,Low,FD16,18,8,4.169925001442312,0.05555555555555555,0.2939104945709308
images/FD16/FD_16_57.png,Mid,FD16,10,7,3.321928094887362,0.1,0.22921461097896098
images/FD16/FD_16_57.png,High,FD16,19,10,3.9321380397593746,0.10526315789473684,0.2706820021569729
images/FD16/FD_16_58.png,Low,FD16,32,14,4.875,0.0625,0.2561875577891866
images/FD16/FD_16_58.png,Mid,FD16,12,6,3.584962500721156,0.08333333333333333,0.2784154413640499
images/FD16/FD_16_58.png,High,FD16,37,15,5.047291203466789,0.05405405405405406,0.301866453786691
images/FD16/FD_16_59.png,Low,FD16,11,4,3.2776134368191157,0.18181818181818182,0.23095166988670826
images/FD16/FD_16_59.png,Mid,FD16,15,9,3.906890595608518,0.06666666666666667,0.284040822883447
images/FD16/FD_16_59.png,High,FD16,22,10,4.459431618637296,0.045454545454545456,0.24574900932610036
images/FD16/FD_16_6.png,Low,FD16,21,11,4.20184123230257,0.09523809523809523,0.3036454038570325
images/FD16/FD_16_6.png,Mid,FD16,34,16,4.910992253015045,0.058823529411764705,0.28273144048949084
images/FD16/FD_16_6.png,High,FD16,19,9,4.037401197654112,0.10526315789473684,0.28676802943150204
images/FD16/FD_16_60.png,Low,FD16,28,11,4.807354922057606,0.03571428571428571,0.24729636617004871
images/FD16/FD_16_60.png,Mid,FD16,28,13,4.450212064914748,0.14285714285714285,0.31111263821522395
images/FD16/FD_16_60.png,High,FD16,10,8,3.121928094887362,0.2,0.3353708723684152
images/FD16/FD_16_61.png,Low,FD16,29,11,4.720049960644812,0.06896551724137931,0.26225191473960874
images/FD16/FD_16_61.png,Mid,FD16,23,11,4.349648912578752,0.08695652173913043,0.3073173707847794
images/FD16/FD_16_61.png,High,FD16,12,6,3.4182958340544896,0.16666666666666666,0.35742030769586564
images/FD16/FD_16_62.png,Low,FD16,20,11,4.1219280948873624,0.1,0.31475356211264927
images/FD16/FD_16_62.png,Mid,FD16,26,13,4.623516641218015,0.07692307692307693,0.2648412498335044
images/FD16/FD_16_62.png,High,FD16,18,13,4.058813890331201,0.1111111111111111,0.33637975513935087
images/FD16/FD_16_63.png,Low,FD16,30,13,4.773557262275185,0.06666666666666667,0.23755127621193728
images/FD16/FD_16_63.png,Mid,FD16,33,14,4.983788058752394,0.06060606060606061,0.26652322061359884
images/FD16/FD_16_63.png,High,FD16,25,14,4.563856189774725,0.08,0.29317114690939583
images/FD16/FD_16_64.png,Low,FD16,31,11,4.760647923290103,0.06451612903225806,0.26114563221732773
images/FD16/FD_16_64.png,Mid,FD16,9,4,2.94770277922009,0.2222222222222222,0.36937740683555603
images/FD16/FD_16_64.png,High,FD16,14,9,3.6644977792004623,0.14285714285714285,0.32353721151749293
images/FD16/FD_16_65.png,Low,FD16,30,15,4.773557262275185,0.06666666666666667,0.2957014415413141
images/FD16/FD_16_65.png,Mid,FD16,10,8,3.121928094887362,0.2,0.33553192441662155
images/FD16/FD_16_65.png,High,FD16,13,8,3.7004397181410926,0.07692307692307693,0.28748580858111383
images/FD16/FD_16_66.png,Low,FD16,29,15,4.694019357121934,0.10344827586206896,0.30009299075851836
images/FD16/FD_16_66.png,Mid,FD16,20,10,4.221928094887363,0.1,0.27993765962620576
images/FD16/FD_16_66.png,High,FD16,16,9,4.0,0.0625,0.2825662802656492
images/FD16/FD_16_67.png,Low,FD16,17,9,4.087462841250339,0.058823529411764705,0.24534194280703864
images/FD16/FD_16_67.png,Mid,FD16,17,11,4.087462841250339,0.058823529411764705,0.28891619796554247
images/FD16/FD_16_67.png,High,FD16,17,10,3.9698157824268097,0.11764705882352941,0.3164573182662328
images/FD16/FD_16_68.png,Low,FD16,26,13,4.026986833359286,0.23076923076923078,0.3031982283790906
images/FD16/FD_16_68.png,Mid,FD16,26,15,4.700439718141092,0.038461538461538464,0.25334898014863333
images/FD16/FD_16_68.png,High,FD16,24,12,4.418295834054489,0.08333333333333333,0.27193102476497494
images/FD16/FD_16_69.png,Low,FD16,31,14,4.760647923290103,0.06451612903225806,0.3090198416511218
images/FD16/FD_16_69.png,Mid,FD16,15,10,3.906890595608518,0.06666666666666667,0.3004420526325703
images/FD16/FD_16_69.png,High,FD16,27,15,4.532665279941247,0.07407407407407407,0.3174002055823803
images/FD16/FD_16_7.png,Low,FD16,22,12,4.459431618637296,0.045454545454545456,0.27071071644624073
images/FD16/FD_16_7.png,Mid,FD16,24,13,4.584962500721156,0.041666666666666664,0.2809900989135106
images/FD16/FD_16_7.png,High,FD16,20,10,4.221928094887363,0.1,0.2517241415878137
images/FD16/FD_16_70.png,Low,FD16,25,16,4.0536606896881855,0.16,0.35352308077116806
images/FD16/FD_16_70.png,Mid,FD16,11,9,3.4594316186372978,0.09090909090909091,0.32283259262641273
images/FD16/FD_16_70.png,High,FD16,31,14,4.760647923290103,0.06451612903225806,0.29121231514339646
images/FD16/FD_16_71.png,Low,FD16,23,11,4.088779347361361,0.17391304347826086,0.28688697442412375
images/FD16/FD_16_71.png,Mid,FD16,12,7,3.584962500721156,0.08333333333333333,0.2834588206807772
images/FD16/FD_16_71.png,High,FD16,6,3,2.584962500721156,0.16666666666666666,0.2093963034947713
images/FD16/FD_16_72.png,Low,FD16,18,9,4.169925001442312,0.05555555555555555,0.28462854069968063
images/FD16/FD_16_72.png,Mid,FD16,32,15,4.5746987351738495,0.15625,0.32848367271323997
images/FD16/FD_16_72.png,High,FD16,23,12,4.262692390839622,0.08695652173913043,0.2779278741280238
images/FD16/FD_16_73.png,Low,FD16,36,15,4.982289237493326,0.08333333333333333,0.27294445789108673
images/FD16/FD_16_73.png,Mid,FD16,19,12,3.8924071185928764,0.15789473684210525,0.30859891747434937
images/FD16/FD_16_73.png,High,FD16,29,12,4.444187891679296,0.13793103448275862,0.28895845892528693
images/FD16/FD_16_74.png,Low,FD16,16,8,4.0,0.0625,0.26309003780285517
images/FD16/FD_16_74.png,Mid,FD16,17,10,3.9698157824268097,0.11764705882352941,0.32594797904292744
images/FD16/FD_16_74.png,High,FD16,14,9,3.8073549220576055,0.07142857142857142,0.3036249816914399
images/FD16/FD_16_75.png,Low,FD16,20,12,4.1219280948873624,0.1,0.2684289411455393
images/FD16/FD_16_75.png,Mid,FD16,29,14,4.85798099512757,0.034482758620689655,0.24259761427839596
images/FD16/FD_16_75.png,High,FD16,35,15,4.900711588373537,0.05714285714285714,0.2538914674768845
images/FD16/FD_16_76.png,Low,FD16,12,9,3.584962500721156,0.08333333333333333,0.2835827793429295
images/FD16/FD_16_76.png,Mid,FD16,24,14,4.501629167387822,0.08333333333333333,0.2989356550077597
images/FD16/FD_16_76.png,High,FD16,12,9,3.4182958340544896,0.16666666666666666,0.28904264291127524
images/FD16/FD_16_77.png,Low,FD16,26,15,4.700439718141092,0.038461538461538464,0.280246811012427
images/FD16/FD_16_77.png,Mid,FD16,21,12,4.297079327540666,0.09523809523809523,0.3039919268588225
images/FD16/FD_16_77.png,High,FD16,17,10,3.9698157824268097,0.11764705882352941,0.2767168210198482
images/FD16/FD_16_78.png,Low,FD16,19,10,4.142664355548848,0.10526315789473684,0.2944049819807212
images/FD16/FD_16_78.png,Mid,FD16,16,8,3.875,0.125,0.26823265448212624
images/FD16/FD_16_78.png,High,FD16,30,15,4.773557262275185,0.06666666666666667,0.2798476196328799
images/FD16/FD_16_79.png,Low,FD16,15,7,3.773557262275185,0.13333333333333333,0.31869161754846576
images/FD16/FD_16_79.png,Mid,FD16,22,12,4.277613436819115,0.09090909090909091,0.2767744900658727
images/FD16/FD_16_79.png,High,FD16,9,7,3.169925001442312,0.1111111111111111,0.26830979734659194
images/FD16/FD_16_8.png,Low,FD16,37,15,5.047291203466789,0.05405405405405406,0.2645323426152269
images/FD16/FD_16_8.png,Mid,FD16,29,12,4.789015477886191,0.06896551724137931,0.2651298349474867
images/FD16/FD_16_8.png,High,FD16,30,14,4.681727678869736,0.1,0.29669089525938036
images/FD16/FD_16_80.png,Low,FD16,23,12,4.229871195093383,0.13043478260869565,0.3135676795740922
images/FD16/FD_16_80.png,Mid,FD16,14,10,2.835237745312118,0.35714285714285715,0.33985354197522005
images/FD16/FD_16_80.png,High,FD16,27,11,4.384517131793099,0.07407407407407407,0.29675047226250173
images/FD16/FD_16_81.png,Low,FD16,18,11,4.169925001442312,0.05555555555555555,0.34099972633024056
images/FD16/FD_16_81.png,Mid,FD16,19,10,4.247927513443585,0.05263157894736842,0.2761820685366789
images/FD16/FD_16_81.png,High,FD16,18,8,4.058813890331201,0.1111111111111111,0.2782446388155222
images/FD16/FD_16_82.png,Low,FD16,26,11,4.5465935642949376,0.07692307692307693,0.2872618618607521
images/FD16/FD_16_82.png,Mid,FD16,13,7,3.7004397181410926,0.07692307692307693,0.2727527123192946
images/FD16/FD_16_82.png,High,FD16,35,15,5.014997302659251,0.05714285714285714,0.28299938966830573
images/FD16/FD_16_83.png,Low,FD16,14,6,3.8073549220576055,0.07142857142857142,0.30138897453745206
images/FD16/FD_16_83.png,Mid,FD16,32,13,4.875,0.0625,0.29090971633791923
images/FD16/FD_16_83.png,High,FD16,28,13,4.664497779200463,0.07142857142857142,0.27874449933568635
images/FD16/FD_16_84.png,Low,FD16,23,10,4.436605434317882,0.08695652173913043,0.24463443718850614
images/FD16/FD_16_84.png,Mid,FD16,19,10,4.247927513443585,0.05263157894736842,0.28216162279248236
images/FD16/FD_16_84.png,High,FD16,25,15,4.323856189774723,0.16,0.31704338250060876
images/FD16/FD_16_85.png,Low,FD16,19,11,4.247927513443585,0.05263157894736842,0.2883533010880152
images/FD16/FD_16_85.png,Mid,FD16,9,5,3.169925001442312,0.1111111111111111,0.27594610606630643
images/FD16/FD_16_85.png,High,FD16,29,16,4.789015477886191,0.06896551724137931,0.2877604776620865
images/FD16/FD_16_86.png,Low,FD16,18,9,4.169925001442312,0.05555555555555555,0.2623779374361038
images/FD16/FD_16_86.png,Mid,FD16,16,8,4.0,0.0625,0.27984899257620177
images/FD16/FD_16_86.png,High,FD16,28,15,4.664497779200463,0.07142857142857142,0.28616757482290267
images/FD16/FD_16_87.png,Low,FD16,24,9,4.584962500721156,0.041666666666666664,0.2652925829589367
images/FD16/FD_16_87.png,Mid,FD16,6,4,2.584962500721156,0.16666666666666666,0.3492941196759542
images/FD16/FD_16_87.png,High,FD16,24,12,4.418295834054489,0.08333333333333333,0.27397025798757874
images/FD16/FD_16_88.png,Low,FD16,28,16,4.593069207771891,0.07142857142857142,0.29074958711862564
images/FD16/FD_16_88.png,Mid,FD16,22,9,4.368522527728206,0.09090909090909091,0.26426138550043105
images/FD16/FD_16_88.png,High,FD16,22,10,4.368522527728206,0.09090909090909091,0.2970504912237326
images/FD16/FD_16_89.png,Low,FD16,20,7,4.321928094887363,0.05,0.294231791694959
images/FD16/FD_16_89.png,Mid,FD16,25,14,4.563856189774725,0.08,0.2752212915569544
images/FD16/FD_16_89.png,High,FD16,12,8,3.4182958340544896,0.16666666666666666,0.29361518998940783
images/FD16/FD_16_9.png,Low,FD16,21,10,4.297079327540666,0.09523809523809523,0.28500418106714887
images/FD16/FD_16_9.png,Mid,FD16,20,11,4.1219280948873624,0.1,0.3242083756625652
images/FD16/FD_16_9.png,High,FD16,25,15,4.483856189774723,0.08,0.28186119293173156
images/FD16/FD_16_90.png,Low,FD16,7,6,2.807354922057604,0.14285714285714285,0.2975700349609057
images/FD16/FD_16_90.png,Mid,FD16,9,6,2.94770277922009,0.2222222222222222,0.2794645715256532
images/FD16/FD_16_90.png,High,FD16,42,18,5.2494602799216175,0.047619047619047616,0.2713220762461424
images/FD16/FD_16_91.png,Low,FD16,21,9,4.392317422778761,0.047619047619047616,0.2646868662784497
images/FD16/FD_16_91.png,Mid,FD16,17,7,3.852168723603281,0.11764705882352941,0.2862580048541228
images/FD16/FD_16_91.png,High,FD16,31,16,4.889680181354619,0.06451612903225806,0.28253393212954203
images/FD16/FD_16_92.png,Low,FD16,32,13,4.9375,0.0625,0.24270799986397226
images/FD16/FD_16_92.png,Mid,FD16,14,9,3.8073549220576055,0.07142857142857142,0.28017499821881453
images/FD16/FD_16_92.png,High,FD16,9,4,3.169925001442312,0.1111111111111111,0.3071098935604095
images/FD16/FD_16_93.png,Low,FD16,8,6,3.0,0.125,0.27439258441329
images/FD16/FD_16_93.png,Mid,FD16,23,10,4.436605434317882,0.08695652173913043,0.28325332959493
images/FD16/FD_16_93.png,High,FD16,22,11,4.243300368538957,0.13636363636363635,0.3167098209510247
images/FD16/FD_16_94.png,Low,FD16,14,9,3.8073549220576055,0.07142857142857142,0.26886470764875414
images/FD16/FD_16_94.png,Mid,FD16,13,9,3.7004397181410926,0.07692307692307693,0.27099751248334847
images/FD16/FD_16_94.png,High,FD16,20,12,4.1219280948873624,0.1,0.25023134497304755
images/FD16/FD_16_95.png,Low,FD16,34,16,5.087462841250339,0.029411764705882353,0.2704415349662304
images/FD16/FD_16_95.png,Mid,FD16,31,15,4.760647923290102,0.06451612903225806,0.30125070045391716
images/FD16/FD_16_95.png,High,FD16,22,14,4.368522527728206,0.09090909090909091,0.26591321310649313
images/FD16/FD_16_96.png,Low,FD16,23,9,4.316827716832514,0.13043478260869565,0.27245288020620745
images/FD16/FD_16_96.png,Mid,FD16,22,12,4.277613436819115,0.09090909090909091,0.2614692216366529
images/FD16/FD_16_96.png,High,FD16,22,12,4.368522527728206,0.09090909090909091,0.2782858016341925
images/FD16/FD_16_97.png,Low,FD16,13,6,3.7004397181410926,0.07692307692307693,0.28390324259797733
images/FD16/FD_16_97.png,Mid,FD16,16,11,3.75,0.125,0.304208436931173
images/FD16/FD_16_97.png,High,FD16,33,15,4.839700558686836,0.09090909090909091,0.2830613345901171
images/FD16/FD_16_98.png,Low,FD16,30,15,4.7068905956085185,0.06666666666666667,0.2884761241078377
images/FD16/FD_16_98.png,Mid,FD16,14,10,3.8073549220576055,0.07142857142857142,0.2629667419195175
images/FD16/FD_16_98.png,High,FD16,10,7,3.321928094887362,0.1,0.3332252092162768
images/FD16/FD_16_99.png,Low,FD16,11,6,3.4594316186372978,0.09090909090909091,0.2953737809757392
images/FD16/FD_16_99.png,Mid,FD16,27,17,4.680813428089396,0.07407407407407407,0.2985382075111071
images/FD16/FD_16_99.png,High,FD16,36,15,4.7918794327079555,0.1388888888888889,0.3408382119238377
